#include <pgmspace.h>

const uint8_t fspixel18[] PROGMEM = {
0x00, 0x00, 0x01, 0x3D, 0x00, 0x00, 0x00, 0x0B, 0x00, 0x00, 0x00, 0x12, 0x00, 0x00, 0x00, 0x00,
0x00, 0x00, 0x00, 0x08, 0x00, 0x00, 0x00, 0x01, 0x00, 0x00, 0x00, 0x21, 0x00, 0x00, 0x00, 0x08,
0x00, 0x00, 0x00, 0x02, 0x00, 0x00, 0x00, 0x02, 0x00, 0x00, 0x00, 0x08, 0xFF, 0xFF, 0xFF, 0xFF,
0x00, 0x00, 0x00, 0x00, 0x00, 0x00, 0x00, 0x22, 0x00, 0x00, 0x00, 0x03, 0x00, 0x00, 0x00, 0x04,
0x00, 0x00, 0x00, 0x04, 0x00, 0x00, 0x00, 0x08, 0xFF, 0xFF, 0xFF, 0xFF, 0x00, 0x00, 0x00, 0x00,
0x00, 0x00, 0x00, 0x23, 0x00, 0x00, 0x00, 0x08, 0x00, 0x00, 0x00, 0x06, 0x00, 0x00, 0x00, 0x07,
0x00, 0x00, 0x00, 0x08, 0x00, 0x00, 0x00, 0x00, 0x00, 0x00, 0x00, 0x00, 0x00, 0x00, 0x00, 0x24,
0x00, 0x00, 0x00, 0x08, 0x00, 0x00, 0x00, 0x07, 0x00, 0x00, 0x00, 0x07, 0x00, 0x00, 0x00, 0x08,
0xFF, 0xFF, 0xFF, 0xFF, 0x00, 0x00, 0x00, 0x00, 0x00, 0x00, 0x00, 0x25, 0x00, 0x00, 0x00, 0x08,
0x00, 0x00, 0x00, 0x07, 0x00, 0x00, 0x00, 0x07, 0x00, 0x00, 0x00, 0x08, 0xFF, 0xFF, 0xFF, 0xFF,
0x00, 0x00, 0x00, 0x00, 0x00, 0x00, 0x00, 0x26, 0x00, 0x00, 0x00, 0x08, 0x00, 0x00, 0x00, 0x06,
0x00, 0x00, 0x00, 0x07, 0x00, 0x00, 0x00, 0x08, 0xFF, 0xFF, 0xFF, 0xFF, 0x00, 0x00, 0x00, 0x00,
0x00, 0x00, 0x00, 0x27, 0x00, 0x00, 0x00, 0x03, 0x00, 0x00, 0x00, 0x02, 0x00, 0x00, 0x00, 0x02,
0x00, 0x00, 0x00, 0x08, 0xFF, 0xFF, 0xFF, 0xFF, 0x00, 0x00, 0x00, 0x00, 0x00, 0x00, 0x00, 0x28,
0x00, 0x00, 0x00, 0x08, 0x00, 0x00, 0x00, 0x05, 0x00, 0x00, 0x00, 0x04, 0x00, 0x00, 0x00, 0x08,
0xFF, 0xFF, 0xFF, 0xFF, 0x00, 0x00, 0x00, 0x00, 0x00, 0x00, 0x00, 0x29, 0x00, 0x00, 0x00, 0x08,
0x00, 0x00, 0x00, 0x03, 0x00, 0x00, 0x00, 0x04, 0x00, 0x00, 0x00, 0x08, 0x00, 0x00, 0x00, 0x00,
0x00, 0x00, 0x00, 0x00, 0x00, 0x00, 0x00, 0x2A, 0x00, 0x00, 0x00, 0x04, 0x00, 0x00, 0x00, 0x05,
0x00, 0x00, 0x00, 0x04, 0x00, 0x00, 0x00, 0x08, 0xFF, 0xFF, 0xFF, 0xFF, 0x00, 0x00, 0x00, 0x00,
0x00, 0x00, 0x00, 0x2B, 0x00, 0x00, 0x00, 0x06, 0x00, 0x00, 0x00, 0x06, 0x00, 0x00, 0x00, 0x07,
0x00, 0x00, 0x00, 0x07, 0x00, 0x00, 0x00, 0x00, 0x00, 0x00, 0x00, 0x00, 0x00, 0x00, 0x00, 0x2C,
0x00, 0x00, 0x00, 0x03, 0x00, 0x00, 0x00, 0x03, 0x00, 0x00, 0x00, 0x03, 0x00, 0x00, 0x00, 0x02,
0xFF, 0xFF, 0xFF, 0xFF, 0x00, 0x00, 0x00, 0x00, 0x00, 0x00, 0x00, 0x2D, 0x00, 0x00, 0x00, 0x03,
0x00, 0x00, 0x00, 0x06, 0x00, 0x00, 0x00, 0x07, 0x00, 0x00, 0x00, 0x06, 0x00, 0x00, 0x00, 0x00,
0x00, 0x00, 0x00, 0x00, 0x00, 0x00, 0x00, 0x2E, 0x00, 0x00, 0x00, 0x02, 0x00, 0x00, 0x00, 0x02,
0x00, 0x00, 0x00, 0x02, 0x00, 0x00, 0x00, 0x02, 0xFF, 0xFF, 0xFF, 0xFF, 0x00, 0x00, 0x00, 0x00,
0x00, 0x00, 0x00, 0x2F, 0x00, 0x00, 0x00, 0x08, 0x00, 0x00, 0x00, 0x07, 0x00, 0x00, 0x00, 0x07,
0x00, 0x00, 0x00, 0x08, 0xFF, 0xFF, 0xFF, 0xFF, 0x00, 0x00, 0x00, 0x00, 0x00, 0x00, 0x00, 0x30,
0x00, 0x00, 0x00, 0x06, 0x00, 0x00, 0x00, 0x07, 0x00, 0x00, 0x00, 0x07, 0x00, 0x00, 0x00, 0x06,
0xFF, 0xFF, 0xFF, 0xFF, 0x00, 0x00, 0x00, 0x00, 0x00, 0x00, 0x00, 0x31, 0x00, 0x00, 0x00, 0x06,
0x00, 0x00, 0x00, 0x06, 0x00, 0x00, 0x00, 0x07, 0x00, 0x00, 0x00, 0x06, 0x00, 0x00, 0x00, 0x00,
0x00, 0x00, 0x00, 0x00, 0x00, 0x00, 0x00, 0x32, 0x00, 0x00, 0x00, 0x06, 0x00, 0x00, 0x00, 0x07,
0x00, 0x00, 0x00, 0x07, 0x00, 0x00, 0x00, 0x06, 0xFF, 0xFF, 0xFF, 0xFF, 0x00, 0x00, 0x00, 0x00,
0x00, 0x00, 0x00, 0x33, 0x00, 0x00, 0x00, 0x07, 0x00, 0x00, 0x00, 0x07, 0x00, 0x00, 0x00, 0x07,
0x00, 0x00, 0x00, 0x06, 0xFF, 0xFF, 0xFF, 0xFF, 0x00, 0x00, 0x00, 0x00, 0x00, 0x00, 0x00, 0x34,
0x00, 0x00, 0x00, 0x07, 0x00, 0x00, 0x00, 0x07, 0x00, 0x00, 0x00, 0x07, 0x00, 0x00, 0x00, 0x06,
0xFF, 0xFF, 0xFF, 0xFF, 0x00, 0x00, 0x00, 0x00, 0x00, 0x00, 0x00, 0x35, 0x00, 0x00, 0x00, 0x08,
0x00, 0x00, 0x00, 0x07, 0x00, 0x00, 0x00, 0x07, 0x00, 0x00, 0x00, 0x08, 0xFF, 0xFF, 0xFF, 0xFF,
0x00, 0x00, 0x00, 0x00, 0x00, 0x00, 0x00, 0x36, 0x00, 0x00, 0x00, 0x08, 0x00, 0x00, 0x00, 0x07,
0x00, 0x00, 0x00, 0x07, 0x00, 0x00, 0x00, 0x08, 0xFF, 0xFF, 0xFF, 0xFF, 0x00, 0x00, 0x00, 0x00,
0x00, 0x00, 0x00, 0x37, 0x00, 0x00, 0x00, 0x08, 0x00, 0x00, 0x00, 0x07, 0x00, 0x00, 0x00, 0x07,
0x00, 0x00, 0x00, 0x07, 0xFF, 0xFF, 0xFF, 0xFF, 0x00, 0x00, 0x00, 0x00, 0x00, 0x00, 0x00, 0x38,
0x00, 0x00, 0x00, 0x09, 0x00, 0x00, 0x00, 0x07, 0x00, 0x00, 0x00, 0x07, 0x00, 0x00, 0x00, 0x08,
0xFF, 0xFF, 0xFF, 0xFF, 0x00, 0x00, 0x00, 0x00, 0x00, 0x00, 0x00, 0x39, 0x00, 0x00, 0x00, 0x08,
0x00, 0x00, 0x00, 0x07, 0x00, 0x00, 0x00, 0x07, 0x00, 0x00, 0x00, 0x07, 0xFF, 0xFF, 0xFF, 0xFF,
0x00, 0x00, 0x00, 0x00, 0x00, 0x00, 0x00, 0x3A, 0x00, 0x00, 0x00, 0x06, 0x00, 0x00, 0x00, 0x02,
0x00, 0x00, 0x00, 0x02, 0x00, 0x00, 0x00, 0x06, 0xFF, 0xFF, 0xFF, 0xFF, 0x00, 0x00, 0x00, 0x00,
0x00, 0x00, 0x00, 0x3B, 0x00, 0x00, 0x00, 0x07, 0x00, 0x00, 0x00, 0x02, 0x00, 0x00, 0x00, 0x02,
0x00, 0x00, 0x00, 0x06, 0xFF, 0xFF, 0xFF, 0xFF, 0x00, 0x00, 0x00, 0x00, 0x00, 0x00, 0x00, 0x3C,
0x00, 0x00, 0x00, 0x06, 0x00, 0x00, 0x00, 0x05, 0x00, 0x00, 0x00, 0x04, 0x00, 0x00, 0x00, 0x06,
0xFF, 0xFF, 0xFF, 0xFF, 0x00, 0x00, 0x00, 0x00, 0x00, 0x00, 0x00, 0x3D, 0x00, 0x00, 0x00, 0x04,
0x00, 0x00, 0x00, 0x06, 0x00, 0x00, 0x00, 0x07, 0x00, 0x00, 0x00, 0x04, 0x00, 0x00, 0x00, 0x00,
0x00, 0x00, 0x00, 0x00, 0x00, 0x00, 0x00, 0x3E, 0x00, 0x00, 0x00, 0x06, 0x00, 0x00, 0x00, 0x05,
0x00, 0x00, 0x00, 0x04, 0x00, 0x00, 0x00, 0x06, 0xFF, 0xFF, 0xFF, 0xFF, 0x00, 0x00, 0x00, 0x00,
0x00, 0x00, 0x00, 0x3F, 0x00, 0x00, 0x00, 0x08, 0x00, 0x00, 0x00, 0x07, 0x00, 0x00, 0x00, 0x07,
0x00, 0x00, 0x00, 0x08, 0xFF, 0xFF, 0xFF, 0xFF, 0x00, 0x00, 0x00, 0x00, 0x00, 0x00, 0x00, 0x40,
0x00, 0x00, 0x00, 0x07, 0x00, 0x00, 0x00, 0x07, 0x00, 0x00, 0x00, 0x07, 0x00, 0x00, 0x00, 0x07,
0xFF, 0xFF, 0xFF, 0xFF, 0x00, 0x00, 0x00, 0x00, 0x00, 0x00, 0x00, 0x41, 0x00, 0x00, 0x00, 0x08,
0x00, 0x00, 0x00, 0x07, 0x00, 0x00, 0x00, 0x07, 0x00, 0x00, 0x00, 0x08, 0xFF, 0xFF, 0xFF, 0xFF,
0x00, 0x00, 0x00, 0x00, 0x00, 0x00, 0x00, 0x42, 0x00, 0x00, 0x00, 0x08, 0x00, 0x00, 0x00, 0x07,
0x00, 0x00, 0x00, 0x07, 0x00, 0x00, 0x00, 0x08, 0xFF, 0xFF, 0xFF, 0xFF, 0x00, 0x00, 0x00, 0x00,
0x00, 0x00, 0x00, 0x43, 0x00, 0x00, 0x00, 0x08, 0x00, 0x00, 0x00, 0x07, 0x00, 0x00, 0x00, 0x07,
0x00, 0x00, 0x00, 0x08, 0xFF, 0xFF, 0xFF, 0xFF, 0x00, 0x00, 0x00, 0x00, 0x00, 0x00, 0x00, 0x44,
0x00, 0x00, 0x00, 0x08, 0x00, 0x00, 0x00, 0x07, 0x00, 0x00, 0x00, 0x07, 0x00, 0x00, 0x00, 0x08,
0xFF, 0xFF, 0xFF, 0xFF, 0x00, 0x00, 0x00, 0x00, 0x00, 0x00, 0x00, 0x45, 0x00, 0x00, 0x00, 0x08,
0x00, 0x00, 0x00, 0x07, 0x00, 0x00, 0x00, 0x07, 0x00, 0x00, 0x00, 0x08, 0xFF, 0xFF, 0xFF, 0xFF,
0x00, 0x00, 0x00, 0x00, 0x00, 0x00, 0x00, 0x46, 0x00, 0x00, 0x00, 0x08, 0x00, 0x00, 0x00, 0x07,
0x00, 0x00, 0x00, 0x07, 0x00, 0x00, 0x00, 0x08, 0xFF, 0xFF, 0xFF, 0xFF, 0x00, 0x00, 0x00, 0x00,
0x00, 0x00, 0x00, 0x47, 0x00, 0x00, 0x00, 0x08, 0x00, 0x00, 0x00, 0x07, 0x00, 0x00, 0x00, 0x07,
0x00, 0x00, 0x00, 0x08, 0xFF, 0xFF, 0xFF, 0xFF, 0x00, 0x00, 0x00, 0x00, 0x00, 0x00, 0x00, 0x48,
0x00, 0x00, 0x00, 0x08, 0x00, 0x00, 0x00, 0x07, 0x00, 0x00, 0x00, 0x07, 0x00, 0x00, 0x00, 0x08,
0xFF, 0xFF, 0xFF, 0xFF, 0x00, 0x00, 0x00, 0x00, 0x00, 0x00, 0x00, 0x49, 0x00, 0x00, 0x00, 0x08,
0x00, 0x00, 0x00, 0x03, 0x00, 0x00, 0x00, 0x04, 0x00, 0x00, 0x00, 0x08, 0x00, 0x00, 0x00, 0x00,
0x00, 0x00, 0x00, 0x00, 0x00, 0x00, 0x00, 0x4A, 0x00, 0x00, 0x00, 0x08, 0x00, 0x00, 0x00, 0x09,
0x00, 0x00, 0x00, 0x09, 0x00, 0x00, 0x00, 0x08, 0xFF, 0xFF, 0xFF, 0xFF, 0x00, 0x00, 0x00, 0x00,
0x00, 0x00, 0x00, 0x4B, 0x00, 0x00, 0x00, 0x08, 0x00, 0x00, 0x00, 0x07, 0x00, 0x00, 0x00, 0x07,
0x00, 0x00, 0x00, 0x08, 0xFF, 0xFF, 0xFF, 0xFF, 0x00, 0x00, 0x00, 0x00, 0x00, 0x00, 0x00, 0x4C,
0x00, 0x00, 0x00, 0x08, 0x00, 0x00, 0x00, 0x07, 0x00, 0x00, 0x00, 0x07, 0x00, 0x00, 0x00, 0x08,
0xFF, 0xFF, 0xFF, 0xFF, 0x00, 0x00, 0x00, 0x00, 0x00, 0x00, 0x00, 0x4D, 0x00, 0x00, 0x00, 0x08,
0x00, 0x00, 0x00, 0x06, 0x00, 0x00, 0x00, 0x06, 0x00, 0x00, 0x00, 0x08, 0xFF, 0xFF, 0xFF, 0xFF,
0x00, 0x00, 0x00, 0x00, 0x00, 0x00, 0x00, 0x4E, 0x00, 0x00, 0x00, 0x08, 0x00, 0x00, 0x00, 0x06,
0x00, 0x00, 0x00, 0x06, 0x00, 0x00, 0x00, 0x08, 0xFF, 0xFF, 0xFF, 0xFF, 0x00, 0x00, 0x00, 0x00,
0x00, 0x00, 0x00, 0x4F, 0x00, 0x00, 0x00, 0x08, 0x00, 0x00, 0x00, 0x07, 0x00, 0x00, 0x00, 0x07,
0x00, 0x00, 0x00, 0x08, 0xFF, 0xFF, 0xFF, 0xFF, 0x00, 0x00, 0x00, 0x00, 0x00, 0x00, 0x00, 0x50,
0x00, 0x00, 0x00, 0x08, 0x00, 0x00, 0x00, 0x07, 0x00, 0x00, 0x00, 0x07, 0x00, 0x00, 0x00, 0x08,
0xFF, 0xFF, 0xFF, 0xFF, 0x00, 0x00, 0x00, 0x00, 0x00, 0x00, 0x00, 0x51, 0x00, 0x00, 0x00, 0x08,
0x00, 0x00, 0x00, 0x07, 0x00, 0x00, 0x00, 0x07, 0x00, 0x00, 0x00, 0x08, 0xFF, 0xFF, 0xFF, 0xFF,
0x00, 0x00, 0x00, 0x00, 0x00, 0x00, 0x00, 0x52, 0x00, 0x00, 0x00, 0x08, 0x00, 0x00, 0x00, 0x07,
0x00, 0x00, 0x00, 0x07, 0x00, 0x00, 0x00, 0x08, 0xFF, 0xFF, 0xFF, 0xFF, 0x00, 0x00, 0x00, 0x00,
0x00, 0x00, 0x00, 0x53, 0x00, 0x00, 0x00, 0x08, 0x00, 0x00, 0x00, 0x07, 0x00, 0x00, 0x00, 0x07,
0x00, 0x00, 0x00, 0x08, 0xFF, 0xFF, 0xFF, 0xFF, 0x00, 0x00, 0x00, 0x00, 0x00, 0x00, 0x00, 0x54,
0x00, 0x00, 0x00, 0x08, 0x00, 0x00, 0x00, 0x06, 0x00, 0x00, 0x00, 0x07, 0x00, 0x00, 0x00, 0x08,
0x00, 0x00, 0x00, 0x00, 0x00, 0x00, 0x00, 0x00, 0x00, 0x00, 0x00, 0x55, 0x00, 0x00, 0x00, 0x08,
0x00, 0x00, 0x00, 0x07, 0x00, 0x00, 0x00, 0x07, 0x00, 0x00, 0x00, 0x08, 0xFF, 0xFF, 0xFF, 0xFF,
0x00, 0x00, 0x00, 0x00, 0x00, 0x00, 0x00, 0x56, 0x00, 0x00, 0x00, 0x08, 0x00, 0x00, 0x00, 0x07,
0x00, 0x00, 0x00, 0x07, 0x00, 0x00, 0x00, 0x08, 0xFF, 0xFF, 0xFF, 0xFF, 0x00, 0x00, 0x00, 0x00,
0x00, 0x00, 0x00, 0x57, 0x00, 0x00, 0x00, 0x08, 0x00, 0x00, 0x00, 0x06, 0x00, 0x00, 0x00, 0x06,
0x00, 0x00, 0x00, 0x08, 0xFF, 0xFF, 0xFF, 0xFF, 0x00, 0x00, 0x00, 0x00, 0x00, 0x00, 0x00, 0x58,
0x00, 0x00, 0x00, 0x08, 0x00, 0x00, 0x00, 0x07, 0x00, 0x00, 0x00, 0x07, 0x00, 0x00, 0x00, 0x08,
0xFF, 0xFF, 0xFF, 0xFF, 0x00, 0x00, 0x00, 0x00, 0x00, 0x00, 0x00, 0x59, 0x00, 0x00, 0x00, 0x08,
0x00, 0x00, 0x00, 0x07, 0x00, 0x00, 0x00, 0x07, 0x00, 0x00, 0x00, 0x08, 0xFF, 0xFF, 0xFF, 0xFF,
0x00, 0x00, 0x00, 0x00, 0x00, 0x00, 0x00, 0x5A, 0x00, 0x00, 0x00, 0x08, 0x00, 0x00, 0x00, 0x07,
0x00, 0x00, 0x00, 0x07, 0x00, 0x00, 0x00, 0x08, 0xFF, 0xFF, 0xFF, 0xFF, 0x00, 0x00, 0x00, 0x00,
0x00, 0x00, 0x00, 0x5B, 0x00, 0x00, 0x00, 0x08, 0x00, 0x00, 0x00, 0x05, 0x00, 0x00, 0x00, 0x04,
0x00, 0x00, 0x00, 0x08, 0xFF, 0xFF, 0xFF, 0xFF, 0x00, 0x00, 0x00, 0x00, 0x00, 0x00, 0x00, 0x5C,
0x00, 0x00, 0x00, 0x08, 0x00, 0x00, 0x00, 0x07, 0x00, 0x00, 0x00, 0x07, 0x00, 0x00, 0x00, 0x08,
0xFF, 0xFF, 0xFF, 0xFF, 0x00, 0x00, 0x00, 0x00, 0x00, 0x00, 0x00, 0x5D, 0x00, 0x00, 0x00, 0x08,
0x00, 0x00, 0x00, 0x04, 0x00, 0x00, 0x00, 0x04, 0x00, 0x00, 0x00, 0x08, 0xFF, 0xFF, 0xFF, 0xFF,
0x00, 0x00, 0x00, 0x00, 0x00, 0x00, 0x00, 0x5E, 0x00, 0x00, 0x00, 0x03, 0x00, 0x00, 0x00, 0x05,
0x00, 0x00, 0x00, 0x04, 0x00, 0x00, 0x00, 0x08, 0xFF, 0xFF, 0xFF, 0xFF, 0x00, 0x00, 0x00, 0x00,
0x00, 0x00, 0x00, 0x5F, 0x00, 0x00, 0x00, 0x03, 0x00, 0x00, 0x00, 0x06, 0x00, 0x00, 0x00, 0x07,
0x00, 0x00, 0x00, 0x01, 0x00, 0x00, 0x00, 0x00, 0x00, 0x00, 0x00, 0x00, 0x00, 0x00, 0x00, 0x60,
0x00, 0x00, 0x00, 0x03, 0x00, 0x00, 0x00, 0x03, 0x00, 0x00, 0x00, 0x04, 0x00, 0x00, 0x00, 0x08,
0x00, 0x00, 0x00, 0x00, 0x00, 0x00, 0x00, 0x00, 0x00, 0x00, 0x00, 0x61, 0x00, 0x00, 0x00, 0x06,
0x00, 0x00, 0x00, 0x07, 0x00, 0x00, 0x00, 0x07, 0x00, 0x00, 0x00, 0x06, 0xFF, 0xFF, 0xFF, 0xFF,
0x00, 0x00, 0x00, 0x00, 0x00, 0x00, 0x00, 0x62, 0x00, 0x00, 0x00, 0x08, 0x00, 0x00, 0x00, 0x07,
0x00, 0x00, 0x00, 0x06, 0x00, 0x00, 0x00, 0x08, 0xFF, 0xFF, 0xFF, 0xFF, 0x00, 0x00, 0x00, 0x00,
0x00, 0x00, 0x00, 0x63, 0x00, 0x00, 0x00, 0x06, 0x00, 0x00, 0x00, 0x07, 0x00, 0x00, 0x00, 0x07,
0x00, 0x00, 0x00, 0x06, 0xFF, 0xFF, 0xFF, 0xFF, 0x00, 0x00, 0x00, 0x00, 0x00, 0x00, 0x00, 0x64,
0x00, 0x00, 0x00, 0x08, 0x00, 0x00, 0x00, 0x07, 0x00, 0x00, 0x00, 0x07, 0x00, 0x00, 0x00, 0x08,
0xFF, 0xFF, 0xFF, 0xFF, 0x00, 0x00, 0x00, 0x00, 0x00, 0x00, 0x00, 0x65, 0x00, 0x00, 0x00, 0x06,
0x00, 0x00, 0x00, 0x07, 0x00, 0x00, 0x00, 0x07, 0x00, 0x00, 0x00, 0x06, 0xFF, 0xFF, 0xFF, 0xFF,
0x00, 0x00, 0x00, 0x00, 0x00, 0x00, 0x00, 0x66, 0x00, 0x00, 0x00, 0x08, 0x00, 0x00, 0x00, 0x06,
0x00, 0x00, 0x00, 0x07, 0x00, 0x00, 0x00, 0x08, 0x00, 0x00, 0x00, 0x00, 0x00, 0x00, 0x00, 0x00,
0x00, 0x00, 0x00, 0x67, 0x00, 0x00, 0x00, 0x07, 0x00, 0x00, 0x00, 0x07, 0x00, 0x00, 0x00, 0x07,
0x00, 0x00, 0x00, 0x06, 0xFF, 0xFF, 0xFF, 0xFF, 0x00, 0x00, 0x00, 0x00, 0x00, 0x00, 0x00, 0x68,
0x00, 0x00, 0x00, 0x08, 0x00, 0x00, 0x00, 0x07, 0x00, 0x00, 0x00, 0x06, 0x00, 0x00, 0x00, 0x08,
0xFF, 0xFF, 0xFF, 0xFF, 0x00, 0x00, 0x00, 0x00, 0x00, 0x00, 0x00, 0x69, 0x00, 0x00, 0x00, 0x09,
0x00, 0x00, 0x00, 0x02, 0x00, 0x00, 0x00, 0x02, 0x00, 0x00, 0x00, 0x09, 0xFF, 0xFF, 0xFF, 0xFF,
0x00, 0x00, 0x00, 0x00, 0x00, 0x00, 0x00, 0x6A, 0x00, 0x00, 0x00, 0x0C, 0x00, 0x00, 0x00, 0x07,
0x00, 0x00, 0x00, 0x07, 0x00, 0x00, 0x00, 0x09, 0xFF, 0xFF, 0xFF, 0xFF, 0x00, 0x00, 0x00, 0x00,
0x00, 0x00, 0x00, 0x6B, 0x00, 0x00, 0x00, 0x08, 0x00, 0x00, 0x00, 0x05, 0x00, 0x00, 0x00, 0x05,
0x00, 0x00, 0x00, 0x08, 0xFF, 0xFF, 0xFF, 0xFF, 0x00, 0x00, 0x00, 0x00, 0x00, 0x00, 0x00, 0x6C,
0x00, 0x00, 0x00, 0x08, 0x00, 0x00, 0x00, 0x02, 0x00, 0x00, 0x00, 0x02, 0x00, 0x00, 0x00, 0x08,
0xFF, 0xFF, 0xFF, 0xFF, 0x00, 0x00, 0x00, 0x00, 0x00, 0x00, 0x00, 0x6D, 0x00, 0x00, 0x00, 0x06,
0x00, 0x00, 0x00, 0x08, 0x00, 0x00, 0x00, 0x08, 0x00, 0x00, 0x00, 0x06, 0xFF, 0xFF, 0xFF, 0xFF,
0x00, 0x00, 0x00, 0x00, 0x00, 0x00, 0x00, 0x6E, 0x00, 0x00, 0x00, 0x06, 0x00, 0x00, 0x00, 0x07,
0x00, 0x00, 0x00, 0x06, 0x00, 0x00, 0x00, 0x06, 0xFF, 0xFF, 0xFF, 0xFF, 0x00, 0x00, 0x00, 0x00,
0x00, 0x00, 0x00, 0x6F, 0x00, 0x00, 0x00, 0x06, 0x00, 0x00, 0x00, 0x07, 0x00, 0x00, 0x00, 0x07,
0x00, 0x00, 0x00, 0x06, 0xFF, 0xFF, 0xFF, 0xFF, 0x00, 0x00, 0x00, 0x00, 0x00, 0x00, 0x00, 0x70,
0x00, 0x00, 0x00, 0x07, 0x00, 0x00, 0x00, 0x07, 0x00, 0x00, 0x00, 0x07, 0x00, 0x00, 0x00, 0x06,
0xFF, 0xFF, 0xFF, 0xFF, 0x00, 0x00, 0x00, 0x00, 0x00, 0x00, 0x00, 0x71, 0x00, 0x00, 0x00, 0x07,
0x00, 0x00, 0x00, 0x07, 0x00, 0x00, 0x00, 0x07, 0x00, 0x00, 0x00, 0x06, 0xFF, 0xFF, 0xFF, 0xFF,
0x00, 0x00, 0x00, 0x00, 0x00, 0x00, 0x00, 0x72, 0x00, 0x00, 0x00, 0x06, 0x00, 0x00, 0x00, 0x07,
0x00, 0x00, 0x00, 0x06, 0x00, 0x00, 0x00, 0x06, 0xFF, 0xFF, 0xFF, 0xFF, 0x00, 0x00, 0x00, 0x00,
0x00, 0x00, 0x00, 0x73, 0x00, 0x00, 0x00, 0x06, 0x00, 0x00, 0x00, 0x07, 0x00, 0x00, 0x00, 0x07,
0x00, 0x00, 0x00, 0x06, 0xFF, 0xFF, 0xFF, 0xFF, 0x00, 0x00, 0x00, 0x00, 0x00, 0x00, 0x00, 0x74,
0x00, 0x00, 0x00, 0x08, 0x00, 0x00, 0x00, 0x03, 0x00, 0x00, 0x00, 0x04, 0x00, 0x00, 0x00, 0x08,
0x00, 0x00, 0x00, 0x00, 0x00, 0x00, 0x00, 0x00, 0x00, 0x00, 0x00, 0x75, 0x00, 0x00, 0x00, 0x06,
0x00, 0x00, 0x00, 0x07, 0x00, 0x00, 0x00, 0x07, 0x00, 0x00, 0x00, 0x06, 0xFF, 0xFF, 0xFF, 0xFF,
0x00, 0x00, 0x00, 0x00, 0x00, 0x00, 0x00, 0x76, 0x00, 0x00, 0x00, 0x06, 0x00, 0x00, 0x00, 0x07,
0x00, 0x00, 0x00, 0x07, 0x00, 0x00, 0x00, 0x06, 0xFF, 0xFF, 0xFF, 0xFF, 0x00, 0x00, 0x00, 0x00,
0x00, 0x00, 0x00, 0x77, 0x00, 0x00, 0x00, 0x06, 0x00, 0x00, 0x00, 0x07, 0x00, 0x00, 0x00, 0x07,
0x00, 0x00, 0x00, 0x06, 0xFF, 0xFF, 0xFF, 0xFF, 0x00, 0x00, 0x00, 0x00, 0x00, 0x00, 0x00, 0x78,
0x00, 0x00, 0x00, 0x06, 0x00, 0x00, 0x00, 0x07, 0x00, 0x00, 0x00, 0x07, 0x00, 0x00, 0x00, 0x06,
0xFF, 0xFF, 0xFF, 0xFF, 0x00, 0x00, 0x00, 0x00, 0x00, 0x00, 0x00, 0x79, 0x00, 0x00, 0x00, 0x07,
0x00, 0x00, 0x00, 0x07, 0x00, 0x00, 0x00, 0x07, 0x00, 0x00, 0x00, 0x06, 0xFF, 0xFF, 0xFF, 0xFF,
0x00, 0x00, 0x00, 0x00, 0x00, 0x00, 0x00, 0x7A, 0x00, 0x00, 0x00, 0x06, 0x00, 0x00, 0x00, 0x06,
0x00, 0x00, 0x00, 0x07, 0x00, 0x00, 0x00, 0x06, 0x00, 0x00, 0x00, 0x00, 0x00, 0x00, 0x00, 0x00,
0x00, 0x00, 0x00, 0x7B, 0x00, 0x00, 0x00, 0x08, 0x00, 0x00, 0x00, 0x07, 0x00, 0x00, 0x00, 0x06,
0x00, 0x00, 0x00, 0x08, 0xFF, 0xFF, 0xFF, 0xFF, 0x00, 0x00, 0x00, 0x00, 0x00, 0x00, 0x00, 0x7C,
0x00, 0x00, 0x00, 0x08, 0x00, 0x00, 0x00, 0x02, 0x00, 0x00, 0x00, 0x02, 0x00, 0x00, 0x00, 0x08,
0xFF, 0xFF, 0xFF, 0xFF, 0x00, 0x00, 0x00, 0x00, 0x00, 0x00, 0x00, 0x7D, 0x00, 0x00, 0x00, 0x08,
0x00, 0x00, 0x00, 0x06, 0x00, 0x00, 0x00, 0x07, 0x00, 0x00, 0x00, 0x08, 0x00, 0x00, 0x00, 0x00,
0x00, 0x00, 0x00, 0x00, 0x00, 0x00, 0x00, 0x7E, 0x00, 0x00, 0x00, 0x03, 0x00, 0x00, 0x00, 0x07,
0x00, 0x00, 0x00, 0x07, 0x00, 0x00, 0x00, 0x07, 0xFF, 0xFF, 0xFF, 0xFF, 0x00, 0x00, 0x00, 0x00,
0x00, 0x00, 0x00, 0xA1, 0x00, 0x00, 0x00, 0x09, 0x00, 0x00, 0x00, 0x02, 0x00, 0x00, 0x00, 0x02,
0x00, 0x00, 0x00, 0x09, 0xFF, 0xFF, 0xFF, 0xFF, 0x00, 0x00, 0x00, 0x00, 0x00, 0x00, 0x00, 0xA2,
0x00, 0x00, 0x00, 0x08, 0x00, 0x00, 0x00, 0x07, 0x00, 0x00, 0x00, 0x07, 0x00, 0x00, 0x00, 0x08,
0xFF, 0xFF, 0xFF, 0xFF, 0x00, 0x00, 0x00, 0x00, 0x00, 0x00, 0x00, 0xA3, 0x00, 0x00, 0x00, 0x08,
0x00, 0x00, 0x00, 0x06, 0x00, 0x00, 0x00, 0x07, 0x00, 0x00, 0x00, 0x08, 0x00, 0x00, 0x00, 0x00,
0x00, 0x00, 0x00, 0x00, 0x00, 0x00, 0x00, 0xA4, 0x00, 0x00, 0x00, 0x07, 0x00, 0x00, 0x00, 0x07,
0x00, 0x00, 0x00, 0x07, 0x00, 0x00, 0x00, 0x07, 0xFF, 0xFF, 0xFF, 0xFF, 0x00, 0x00, 0x00, 0x00,
0x00, 0x00, 0x00, 0xA5, 0x00, 0x00, 0x00, 0x08, 0x00, 0x00, 0x00, 0x07, 0x00, 0x00, 0x00, 0x07,
0x00, 0x00, 0x00, 0x08, 0xFF, 0xFF, 0xFF, 0xFF, 0x00, 0x00, 0x00, 0x00, 0x00, 0x00, 0x00, 0xA6,
0x00, 0x00, 0x00, 0x08, 0x00, 0x00, 0x00, 0x02, 0x00, 0x00, 0x00, 0x02, 0x00, 0x00, 0x00, 0x08,
0xFF, 0xFF, 0xFF, 0xFF, 0x00, 0x00, 0x00, 0x00, 0x00, 0x00, 0x00, 0xA7, 0x00, 0x00, 0x00, 0x08,
0x00, 0x00, 0x00, 0x07, 0x00, 0x00, 0x00, 0x07, 0x00, 0x00, 0x00, 0x08, 0xFF, 0xFF, 0xFF, 0xFF,
0x00, 0x00, 0x00, 0x00, 0x00, 0x00, 0x00, 0xA8, 0x00, 0x00, 0x00, 0x03, 0x00, 0x00, 0x00, 0x04,
0x00, 0x00, 0x00, 0x04, 0x00, 0x00, 0x00, 0x09, 0xFF, 0xFF, 0xFF, 0xFF, 0x00, 0x00, 0x00, 0x00,
0x00, 0x00, 0x00, 0xA9, 0x00, 0x00, 0x00, 0x09, 0x00, 0x00, 0x00, 0x08, 0x00, 0x00, 0x00, 0x08,
0x00, 0x00, 0x00, 0x08, 0xFF, 0xFF, 0xFF, 0xFF, 0x00, 0x00, 0x00, 0x00, 0x00, 0x00, 0x00, 0xAA,
0x00, 0x00, 0x00, 0x05, 0x00, 0x00, 0x00, 0x05, 0x00, 0x00, 0x00, 0x05, 0x00, 0x00, 0x00, 0x08,
0xFF, 0xFF, 0xFF, 0xFF, 0x00, 0x00, 0x00, 0x00, 0x00, 0x00, 0x00, 0xAB, 0x00, 0x00, 0x00, 0x07,
0x00, 0x00, 0x00, 0x06, 0x00, 0x00, 0x00, 0x07, 0x00, 0x00, 0x00, 0x07, 0xFF, 0xFF, 0xFF, 0xFF,
0x00, 0x00, 0x00, 0x00, 0x00, 0x00, 0x00, 0xAC, 0x00, 0x00, 0x00, 0x04, 0x00, 0x00, 0x00, 0x06,
0x00, 0x00, 0x00, 0x07, 0x00, 0x00, 0x00, 0x06, 0x00, 0x00, 0x00, 0x00, 0x00, 0x00, 0x00, 0x00,
0x00, 0x00, 0x00, 0xAD, 0x00, 0x00, 0x00, 0x03, 0x00, 0x00, 0x00, 0x06, 0x00, 0x00, 0x00, 0x07,
0x00, 0x00, 0x00, 0x06, 0x00, 0x00, 0x00, 0x00, 0x00, 0x00, 0x00, 0x00, 0x00, 0x00, 0x00, 0xAE,
0x00, 0x00, 0x00, 0x09, 0x00, 0x00, 0x00, 0x08, 0x00, 0x00, 0x00, 0x08, 0x00, 0x00, 0x00, 0x08,
0xFF, 0xFF, 0xFF, 0xFF, 0x00, 0x00, 0x00, 0x00, 0x00, 0x00, 0x00, 0xAF, 0x00, 0x00, 0x00, 0x03,
0x00, 0x00, 0x00, 0x06, 0x00, 0x00, 0x00, 0x07, 0x00, 0x00, 0x00, 0x09, 0x00, 0x00, 0x00, 0x00,
0x00, 0x00, 0x00, 0x00, 0x00, 0x00, 0x00, 0xB0, 0x00, 0x00, 0x00, 0x04, 0x00, 0x00, 0x00, 0x05,
0x00, 0x00, 0x00, 0x04, 0x00, 0x00, 0x00, 0x08, 0xFF, 0xFF, 0xFF, 0xFF, 0x00, 0x00, 0x00, 0x00,
0x00, 0x00, 0x00, 0xB1, 0x00, 0x00, 0x00, 0x08, 0x00, 0x00, 0x00, 0x06, 0x00, 0x00, 0x00, 0x07,
0x00, 0x00, 0x00, 0x08, 0x00, 0x00, 0x00, 0x00, 0x00, 0x00, 0x00, 0x00, 0x00, 0x00, 0x00, 0xB2,
0x00, 0x00, 0x00, 0x06, 0x00, 0x00, 0x00, 0x07, 0x00, 0x00, 0x00, 0x07, 0x00, 0x00, 0x00, 0x08,
0xFF, 0xFF, 0xFF, 0xFF, 0x00, 0x00, 0x00, 0x00, 0x00, 0x00, 0x00, 0xB3, 0x00, 0x00, 0x00, 0x06,
0x00, 0x00, 0x00, 0x07, 0x00, 0x00, 0x00, 0x07, 0x00, 0x00, 0x00, 0x08, 0xFF, 0xFF, 0xFF, 0xFF,
0x00, 0x00, 0x00, 0x00, 0x00, 0x00, 0x00, 0xB4, 0x00, 0x00, 0x00, 0x03, 0x00, 0x00, 0x00, 0x03,
0x00, 0x00, 0x00, 0x04, 0x00, 0x00, 0x00, 0x08, 0x00, 0x00, 0x00, 0x00, 0x00, 0x00, 0x00, 0x00,
0x00, 0x00, 0x00, 0xB5, 0x00, 0x00, 0x00, 0x07, 0x00, 0x00, 0x00, 0x08, 0x00, 0x00, 0x00, 0x08,
0x00, 0x00, 0x00, 0x06, 0xFF, 0xFF, 0xFF, 0xFF, 0x00, 0x00, 0x00, 0x00, 0x00, 0x00, 0x00, 0xB6,
0x00, 0x00, 0x00, 0x08, 0x00, 0x00, 0x00, 0x07, 0x00, 0x00, 0x00, 0x08, 0x00, 0x00, 0x00, 0x08,
0x00, 0x00, 0x00, 0x00, 0x00, 0x00, 0x00, 0x00, 0x00, 0x00, 0x00, 0xB7, 0x00, 0x00, 0x00, 0x03,
0x00, 0x00, 0x00, 0x02, 0x00, 0x00, 0x00, 0x02, 0x00, 0x00, 0x00, 0x06, 0xFF, 0xFF, 0xFF, 0xFF,
0x00, 0x00, 0x00, 0x00, 0x00, 0x00, 0x00, 0xB8, 0x00, 0x00, 0x00, 0x03, 0x00, 0x00, 0x00, 0x05,
0x00, 0x00, 0x00, 0x06, 0x00, 0x00, 0x00, 0x01, 0x00, 0x00, 0x00, 0x00, 0x00, 0x00, 0x00, 0x00,
0x00, 0x00, 0x00, 0xB9, 0x00, 0x00, 0x00, 0x06, 0x00, 0x00, 0x00, 0x06, 0x00, 0x00, 0x00, 0x07,
0x00, 0x00, 0x00, 0x08, 0x00, 0x00, 0x00, 0x00, 0x00, 0x00, 0x00, 0x00, 0x00, 0x00, 0x00, 0xBA,
0x00, 0x00, 0x00, 0x05, 0x00, 0x00, 0x00, 0x05, 0x00, 0x00, 0x00, 0x05, 0x00, 0x00, 0x00, 0x08,
0xFF, 0xFF, 0xFF, 0xFF, 0x00, 0x00, 0x00, 0x00, 0x00, 0x00, 0x00, 0xBB, 0x00, 0x00, 0x00, 0x07,
0x00, 0x00, 0x00, 0x06, 0x00, 0x00, 0x00, 0x07, 0x00, 0x00, 0x00, 0x07, 0xFF, 0xFF, 0xFF, 0xFF,
0x00, 0x00, 0x00, 0x00, 0x00, 0x00, 0x00, 0xBC, 0x00, 0x00, 0x00, 0x09, 0x00, 0x00, 0x00, 0x07,
0x00, 0x00, 0x00, 0x07, 0x00, 0x00, 0x00, 0x08, 0xFF, 0xFF, 0xFF, 0xFF, 0x00, 0x00, 0x00, 0x00,
0x00, 0x00, 0x00, 0xBD, 0x00, 0x00, 0x00, 0x09, 0x00, 0x00, 0x00, 0x07, 0x00, 0x00, 0x00, 0x07,
0x00, 0x00, 0x00, 0x08, 0xFF, 0xFF, 0xFF, 0xFF, 0x00, 0x00, 0x00, 0x00, 0x00, 0x00, 0x00, 0xBE,
0x00, 0x00, 0x00, 0x09, 0x00, 0x00, 0x00, 0x07, 0x00, 0x00, 0x00, 0x07, 0x00, 0x00, 0x00, 0x08,
0xFF, 0xFF, 0xFF, 0xFF, 0x00, 0x00, 0x00, 0x00, 0x00, 0x00, 0x00, 0xBF, 0x00, 0x00, 0x00, 0x09,
0x00, 0x00, 0x00, 0x07, 0x00, 0x00, 0x00, 0x07, 0x00, 0x00, 0x00, 0x09, 0xFF, 0xFF, 0xFF, 0xFF,
0x00, 0x00, 0x00, 0x00, 0x00, 0x00, 0x00, 0xC0, 0x00, 0x00, 0x00, 0x0D, 0x00, 0x00, 0x00, 0x07,
0x00, 0x00, 0x00, 0x07, 0x00, 0x00, 0x00, 0x0D, 0xFF, 0xFF, 0xFF, 0xFF, 0x00, 0x00, 0x00, 0x00,
0x00, 0x00, 0x00, 0xC1, 0x00, 0x00, 0x00, 0x0D, 0x00, 0x00, 0x00, 0x07, 0x00, 0x00, 0x00, 0x07,
0x00, 0x00, 0x00, 0x0D, 0xFF, 0xFF, 0xFF, 0xFF, 0x00, 0x00, 0x00, 0x00, 0x00, 0x00, 0x00, 0xC2,
0x00, 0x00, 0x00, 0x0D, 0x00, 0x00, 0x00, 0x07, 0x00, 0x00, 0x00, 0x07, 0x00, 0x00, 0x00, 0x0D,
0xFF, 0xFF, 0xFF, 0xFF, 0x00, 0x00, 0x00, 0x00, 0x00, 0x00, 0x00, 0xC3, 0x00, 0x00, 0x00, 0x0D,
0x00, 0x00, 0x00, 0x07, 0x00, 0x00, 0x00, 0x07, 0x00, 0x00, 0x00, 0x0D, 0xFF, 0xFF, 0xFF, 0xFF,
0x00, 0x00, 0x00, 0x00, 0x00, 0x00, 0x00, 0xC4, 0x00, 0x00, 0x00, 0x0B, 0x00, 0x00, 0x00, 0x07,
0x00, 0x00, 0x00, 0x07, 0x00, 0x00, 0x00, 0x0B, 0xFF, 0xFF, 0xFF, 0xFF, 0x00, 0x00, 0x00, 0x00,
0x00, 0x00, 0x00, 0xC5, 0x00, 0x00, 0x00, 0x0E, 0x00, 0x00, 0x00, 0x07, 0x00, 0x00, 0x00, 0x07,
0x00, 0x00, 0x00, 0x0E, 0xFF, 0xFF, 0xFF, 0xFF, 0x00, 0x00, 0x00, 0x00, 0x00, 0x00, 0x00, 0xC6,
0x00, 0x00, 0x00, 0x08, 0x00, 0x00, 0x00, 0x0C, 0x00, 0x00, 0x00, 0x0C, 0x00, 0x00, 0x00, 0x08,
0xFF, 0xFF, 0xFF, 0xFF, 0x00, 0x00, 0x00, 0x00, 0x00, 0x00, 0x00, 0xC7, 0x00, 0x00, 0x00, 0x0B,
0x00, 0x00, 0x00, 0x07, 0x00, 0x00, 0x00, 0x07, 0x00, 0x00, 0x00, 0x08, 0xFF, 0xFF, 0xFF, 0xFF,
0x00, 0x00, 0x00, 0x00, 0x00, 0x00, 0x00, 0xC8, 0x00, 0x00, 0x00, 0x0D, 0x00, 0x00, 0x00, 0x07,
0x00, 0x00, 0x00, 0x06, 0x00, 0x00, 0x00, 0x0D, 0xFF, 0xFF, 0xFF, 0xFF, 0x00, 0x00, 0x00, 0x00,
0x00, 0x00, 0x00, 0xC9, 0x00, 0x00, 0x00, 0x0D, 0x00, 0x00, 0x00, 0x07, 0x00, 0x00, 0x00, 0x06,
0x00, 0x00, 0x00, 0x0D, 0xFF, 0xFF, 0xFF, 0xFF, 0x00, 0x00, 0x00, 0x00, 0x00, 0x00, 0x00, 0xCA,
0x00, 0x00, 0x00, 0x0D, 0x00, 0x00, 0x00, 0x07, 0x00, 0x00, 0x00, 0x06, 0x00, 0x00, 0x00, 0x0D,
0xFF, 0xFF, 0xFF, 0xFF, 0x00, 0x00, 0x00, 0x00, 0x00, 0x00, 0x00, 0xCB, 0x00, 0x00, 0x00, 0x0B,
0x00, 0x00, 0x00, 0x07, 0x00, 0x00, 0x00, 0x06, 0x00, 0x00, 0x00, 0x0B, 0xFF, 0xFF, 0xFF, 0xFF,
0x00, 0x00, 0x00, 0x00, 0x00, 0x00, 0x00, 0xCC, 0x00, 0x00, 0x00, 0x0D, 0x00, 0x00, 0x00, 0x04,
0x00, 0x00, 0x00, 0x04, 0x00, 0x00, 0x00, 0x0D, 0xFF, 0xFF, 0xFF, 0xFF, 0x00, 0x00, 0x00, 0x00,
0x00, 0x00, 0x00, 0xCD, 0x00, 0x00, 0x00, 0x0D, 0x00, 0x00, 0x00, 0x03, 0x00, 0x00, 0x00, 0x04,
0x00, 0x00, 0x00, 0x0D, 0x00, 0x00, 0x00, 0x00, 0x00, 0x00, 0x00, 0x00, 0x00, 0x00, 0x00, 0xCE,
0x00, 0x00, 0x00, 0x0D, 0x00, 0x00, 0x00, 0x05, 0x00, 0x00, 0x00, 0x04, 0x00, 0x00, 0x00, 0x0D,
0xFF, 0xFF, 0xFF, 0xFF, 0x00, 0x00, 0x00, 0x00, 0x00, 0x00, 0x00, 0xCF, 0x00, 0x00, 0x00, 0x0B,
0x00, 0x00, 0x00, 0x05, 0x00, 0x00, 0x00, 0x04, 0x00, 0x00, 0x00, 0x0B, 0xFF, 0xFF, 0xFF, 0xFF,
0x00, 0x00, 0x00, 0x00, 0x00, 0x00, 0x00, 0xD0, 0x00, 0x00, 0x00, 0x08, 0x00, 0x00, 0x00, 0x07,
0x00, 0x00, 0x00, 0x07, 0x00, 0x00, 0x00, 0x08, 0xFF, 0xFF, 0xFF, 0xFF, 0x00, 0x00, 0x00, 0x00,
0x00, 0x00, 0x00, 0xD1, 0x00, 0x00, 0x00, 0x0D, 0x00, 0x00, 0x00, 0x07, 0x00, 0x00, 0x00, 0x07,
0x00, 0x00, 0x00, 0x0D, 0xFF, 0xFF, 0xFF, 0xFF, 0x00, 0x00, 0x00, 0x00, 0x00, 0x00, 0x00, 0xD2,
0x00, 0x00, 0x00, 0x0D, 0x00, 0x00, 0x00, 0x07, 0x00, 0x00, 0x00, 0x07, 0x00, 0x00, 0x00, 0x0D,
0xFF, 0xFF, 0xFF, 0xFF, 0x00, 0x00, 0x00, 0x00, 0x00, 0x00, 0x00, 0xD3, 0x00, 0x00, 0x00, 0x0D,
0x00, 0x00, 0x00, 0x07, 0x00, 0x00, 0x00, 0x07, 0x00, 0x00, 0x00, 0x0D, 0xFF, 0xFF, 0xFF, 0xFF,
0x00, 0x00, 0x00, 0x00, 0x00, 0x00, 0x00, 0xD4, 0x00, 0x00, 0x00, 0x0D, 0x00, 0x00, 0x00, 0x07,
0x00, 0x00, 0x00, 0x07, 0x00, 0x00, 0x00, 0x0D, 0xFF, 0xFF, 0xFF, 0xFF, 0x00, 0x00, 0x00, 0x00,
0x00, 0x00, 0x00, 0xD5, 0x00, 0x00, 0x00, 0x0D, 0x00, 0x00, 0x00, 0x07, 0x00, 0x00, 0x00, 0x07,
0x00, 0x00, 0x00, 0x0D, 0xFF, 0xFF, 0xFF, 0xFF, 0x00, 0x00, 0x00, 0x00, 0x00, 0x00, 0x00, 0xD6,
0x00, 0x00, 0x00, 0x0B, 0x00, 0x00, 0x00, 0x07, 0x00, 0x00, 0x00, 0x07, 0x00, 0x00, 0x00, 0x0B,
0xFF, 0xFF, 0xFF, 0xFF, 0x00, 0x00, 0x00, 0x00, 0x00, 0x00, 0x00, 0xD7, 0x00, 0x00, 0x00, 0x07,
0x00, 0x00, 0x00, 0x07, 0x00, 0x00, 0x00, 0x07, 0x00, 0x00, 0x00, 0x07, 0xFF, 0xFF, 0xFF, 0xFF,
0x00, 0x00, 0x00, 0x00, 0x00, 0x00, 0x00, 0xD8, 0x00, 0x00, 0x00, 0x08, 0x00, 0x00, 0x00, 0x07,
0x00, 0x00, 0x00, 0x07, 0x00, 0x00, 0x00, 0x08, 0xFF, 0xFF, 0xFF, 0xFF, 0x00, 0x00, 0x00, 0x00,
0x00, 0x00, 0x00, 0xD9, 0x00, 0x00, 0x00, 0x0D, 0x00, 0x00, 0x00, 0x07, 0x00, 0x00, 0x00, 0x07,
0x00, 0x00, 0x00, 0x0D, 0xFF, 0xFF, 0xFF, 0xFF, 0x00, 0x00, 0x00, 0x00, 0x00, 0x00, 0x00, 0xDA,
0x00, 0x00, 0x00, 0x0D, 0x00, 0x00, 0x00, 0x07, 0x00, 0x00, 0x00, 0x07, 0x00, 0x00, 0x00, 0x0D,
0xFF, 0xFF, 0xFF, 0xFF, 0x00, 0x00, 0x00, 0x00, 0x00, 0x00, 0x00, 0xDB, 0x00, 0x00, 0x00, 0x0D,
0x00, 0x00, 0x00, 0x07, 0x00, 0x00, 0x00, 0x07, 0x00, 0x00, 0x00, 0x0D, 0xFF, 0xFF, 0xFF, 0xFF,
0x00, 0x00, 0x00, 0x00, 0x00, 0x00, 0x00, 0xDC, 0x00, 0x00, 0x00, 0x0B, 0x00, 0x00, 0x00, 0x07,
0x00, 0x00, 0x00, 0x07, 0x00, 0x00, 0x00, 0x0B, 0xFF, 0xFF, 0xFF, 0xFF, 0x00, 0x00, 0x00, 0x00,
0x00, 0x00, 0x00, 0xDD, 0x00, 0x00, 0x00, 0x0D, 0x00, 0x00, 0x00, 0x07, 0x00, 0x00, 0x00, 0x07,
0x00, 0x00, 0x00, 0x0D, 0xFF, 0xFF, 0xFF, 0xFF, 0x00, 0x00, 0x00, 0x00, 0x00, 0x00, 0x00, 0xDE,
0x00, 0x00, 0x00, 0x08, 0x00, 0x00, 0x00, 0x07, 0x00, 0x00, 0x00, 0x07, 0x00, 0x00, 0x00, 0x08,
0xFF, 0xFF, 0xFF, 0xFF, 0x00, 0x00, 0x00, 0x00, 0x00, 0x00, 0x00, 0xDF, 0x00, 0x00, 0x00, 0x08,
0x00, 0x00, 0x00, 0x07, 0x00, 0x00, 0x00, 0x07, 0x00, 0x00, 0x00, 0x08, 0xFF, 0xFF, 0xFF, 0xFF,
0x00, 0x00, 0x00, 0x00, 0x00, 0x00, 0x00, 0xE0, 0x00, 0x00, 0x00, 0x0B, 0x00, 0x00, 0x00, 0x07,
0x00, 0x00, 0x00, 0x07, 0x00, 0x00, 0x00, 0x0B, 0xFF, 0xFF, 0xFF, 0xFF, 0x00, 0x00, 0x00, 0x00,
0x00, 0x00, 0x00, 0xE1, 0x00, 0x00, 0x00, 0x0B, 0x00, 0x00, 0x00, 0x07, 0x00, 0x00, 0x00, 0x07,
0x00, 0x00, 0x00, 0x0B, 0xFF, 0xFF, 0xFF, 0xFF, 0x00, 0x00, 0x00, 0x00, 0x00, 0x00, 0x00, 0xE2,
0x00, 0x00, 0x00, 0x0B, 0x00, 0x00, 0x00, 0x07, 0x00, 0x00, 0x00, 0x07, 0x00, 0x00, 0x00, 0x0B,
0xFF, 0xFF, 0xFF, 0xFF, 0x00, 0x00, 0x00, 0x00, 0x00, 0x00, 0x00, 0xE3, 0x00, 0x00, 0x00, 0x0B,
0x00, 0x00, 0x00, 0x07, 0x00, 0x00, 0x00, 0x07, 0x00, 0x00, 0x00, 0x0B, 0xFF, 0xFF, 0xFF, 0xFF,
0x00, 0x00, 0x00, 0x00, 0x00, 0x00, 0x00, 0xE4, 0x00, 0x00, 0x00, 0x09, 0x00, 0x00, 0x00, 0x07,
0x00, 0x00, 0x00, 0x07, 0x00, 0x00, 0x00, 0x09, 0xFF, 0xFF, 0xFF, 0xFF, 0x00, 0x00, 0x00, 0x00,
0x00, 0x00, 0x00, 0xE5, 0x00, 0x00, 0x00, 0x0C, 0x00, 0x00, 0x00, 0x07, 0x00, 0x00, 0x00, 0x07,
0x00, 0x00, 0x00, 0x0C, 0xFF, 0xFF, 0xFF, 0xFF, 0x00, 0x00, 0x00, 0x00, 0x00, 0x00, 0x00, 0xE6,
0x00, 0x00, 0x00, 0x06, 0x00, 0x00, 0x00, 0x0B, 0x00, 0x00, 0x00, 0x0B, 0x00, 0x00, 0x00, 0x06,
0xFF, 0xFF, 0xFF, 0xFF, 0x00, 0x00, 0x00, 0x00, 0x00, 0x00, 0x00, 0xE7, 0x00, 0x00, 0x00, 0x09,
0x00, 0x00, 0x00, 0x07, 0x00, 0x00, 0x00, 0x07, 0x00, 0x00, 0x00, 0x06, 0xFF, 0xFF, 0xFF, 0xFF,
0x00, 0x00, 0x00, 0x00, 0x00, 0x00, 0x00, 0xE8, 0x00, 0x00, 0x00, 0x0B, 0x00, 0x00, 0x00, 0x07,
0x00, 0x00, 0x00, 0x07, 0x00, 0x00, 0x00, 0x0B, 0xFF, 0xFF, 0xFF, 0xFF, 0x00, 0x00, 0x00, 0x00,
0x00, 0x00, 0x00, 0xE9, 0x00, 0x00, 0x00, 0x0B, 0x00, 0x00, 0x00, 0x07, 0x00, 0x00, 0x00, 0x07,
0x00, 0x00, 0x00, 0x0B, 0xFF, 0xFF, 0xFF, 0xFF, 0x00, 0x00, 0x00, 0x00, 0x00, 0x00, 0x00, 0xEA,
0x00, 0x00, 0x00, 0x0B, 0x00, 0x00, 0x00, 0x07, 0x00, 0x00, 0x00, 0x07, 0x00, 0x00, 0x00, 0x0B,
0xFF, 0xFF, 0xFF, 0xFF, 0x00, 0x00, 0x00, 0x00, 0x00, 0x00, 0x00, 0xEB, 0x00, 0x00, 0x00, 0x09,
0x00, 0x00, 0x00, 0x07, 0x00, 0x00, 0x00, 0x07, 0x00, 0x00, 0x00, 0x09, 0xFF, 0xFF, 0xFF, 0xFF,
0x00, 0x00, 0x00, 0x00, 0x00, 0x00, 0x00, 0xEC, 0x00, 0x00, 0x00, 0x0B, 0x00, 0x00, 0x00, 0x03,
0x00, 0x00, 0x00, 0x02, 0x00, 0x00, 0x00, 0x0B, 0xFF, 0xFF, 0xFF, 0xFE, 0x00, 0x00, 0x00, 0x00,
0x00, 0x00, 0x00, 0xED, 0x00, 0x00, 0x00, 0x0B, 0x00, 0x00, 0x00, 0x03, 0x00, 0x00, 0x00, 0x03,
0x00, 0x00, 0x00, 0x0B, 0xFF, 0xFF, 0xFF, 0xFF, 0x00, 0x00, 0x00, 0x00, 0x00, 0x00, 0x00, 0xEE,
0x00, 0x00, 0x00, 0x0B, 0x00, 0x00, 0x00, 0x05, 0x00, 0x00, 0x00, 0x03, 0x00, 0x00, 0x00, 0x0B,
0xFF, 0xFF, 0xFF, 0xFE, 0x00, 0x00, 0x00, 0x00, 0x00, 0x00, 0x00, 0xEF, 0x00, 0x00, 0x00, 0x09,
0x00, 0x00, 0x00, 0x05, 0x00, 0x00, 0x00, 0x03, 0x00, 0x00, 0x00, 0x09, 0xFF, 0xFF, 0xFF, 0xFE,
0x00, 0x00, 0x00, 0x00, 0x00, 0x00, 0x00, 0xF0, 0x00, 0x00, 0x00, 0x0A, 0x00, 0x00, 0x00, 0x07,
0x00, 0x00, 0x00, 0x07, 0x00, 0x00, 0x00, 0x0A, 0xFF, 0xFF, 0xFF, 0xFF, 0x00, 0x00, 0x00, 0x00,
0x00, 0x00, 0x00, 0xF1, 0x00, 0x00, 0x00, 0x0B, 0x00, 0x00, 0x00, 0x07, 0x00, 0x00, 0x00, 0x07,
0x00, 0x00, 0x00, 0x0B, 0xFF, 0xFF, 0xFF, 0xFF, 0x00, 0x00, 0x00, 0x00, 0x00, 0x00, 0x00, 0xF2,
0x00, 0x00, 0x00, 0x0B, 0x00, 0x00, 0x00, 0x07, 0x00, 0x00, 0x00, 0x07, 0x00, 0x00, 0x00, 0x0B,
0xFF, 0xFF, 0xFF, 0xFF, 0x00, 0x00, 0x00, 0x00, 0x00, 0x00, 0x00, 0xF3, 0x00, 0x00, 0x00, 0x0B,
0x00, 0x00, 0x00, 0x07, 0x00, 0x00, 0x00, 0x07, 0x00, 0x00, 0x00, 0x0B, 0xFF, 0xFF, 0xFF, 0xFF,
0x00, 0x00, 0x00, 0x00, 0x00, 0x00, 0x00, 0xF4, 0x00, 0x00, 0x00, 0x0B, 0x00, 0x00, 0x00, 0x07,
0x00, 0x00, 0x00, 0x07, 0x00, 0x00, 0x00, 0x0B, 0xFF, 0xFF, 0xFF, 0xFF, 0x00, 0x00, 0x00, 0x00,
0x00, 0x00, 0x00, 0xF5, 0x00, 0x00, 0x00, 0x0B, 0x00, 0x00, 0x00, 0x07, 0x00, 0x00, 0x00, 0x07,
0x00, 0x00, 0x00, 0x0B, 0xFF, 0xFF, 0xFF, 0xFF, 0x00, 0x00, 0x00, 0x00, 0x00, 0x00, 0x00, 0xF6,
0x00, 0x00, 0x00, 0x09, 0x00, 0x00, 0x00, 0x07, 0x00, 0x00, 0x00, 0x07, 0x00, 0x00, 0x00, 0x09,
0xFF, 0xFF, 0xFF, 0xFF, 0x00, 0x00, 0x00, 0x00, 0x00, 0x00, 0x00, 0xF7, 0x00, 0x00, 0x00, 0x07,
0x00, 0x00, 0x00, 0x06, 0x00, 0x00, 0x00, 0x07, 0x00, 0x00, 0x00, 0x07, 0x00, 0x00, 0x00, 0x00,
0x00, 0x00, 0x00, 0x00, 0x00, 0x00, 0x00, 0xF8, 0x00, 0x00, 0x00, 0x07, 0x00, 0x00, 0x00, 0x07,
0x00, 0x00, 0x00, 0x07, 0x00, 0x00, 0x00, 0x06, 0xFF, 0xFF, 0xFF, 0xFF, 0x00, 0x00, 0x00, 0x00,
0x00, 0x00, 0x00, 0xF9, 0x00, 0x00, 0x00, 0x0B, 0x00, 0x00, 0x00, 0x07, 0x00, 0x00, 0x00, 0x07,
0x00, 0x00, 0x00, 0x0B, 0xFF, 0xFF, 0xFF, 0xFF, 0x00, 0x00, 0x00, 0x00, 0x00, 0x00, 0x00, 0xFA,
0x00, 0x00, 0x00, 0x0B, 0x00, 0x00, 0x00, 0x07, 0x00, 0x00, 0x00, 0x07, 0x00, 0x00, 0x00, 0x0B,
0xFF, 0xFF, 0xFF, 0xFF, 0x00, 0x00, 0x00, 0x00, 0x00, 0x00, 0x00, 0xFB, 0x00, 0x00, 0x00, 0x0B,
0x00, 0x00, 0x00, 0x07, 0x00, 0x00, 0x00, 0x07, 0x00, 0x00, 0x00, 0x0B, 0xFF, 0xFF, 0xFF, 0xFF,
0x00, 0x00, 0x00, 0x00, 0x00, 0x00, 0x00, 0xFC, 0x00, 0x00, 0x00, 0x09, 0x00, 0x00, 0x00, 0x07,
0x00, 0x00, 0x00, 0x07, 0x00, 0x00, 0x00, 0x09, 0xFF, 0xFF, 0xFF, 0xFF, 0x00, 0x00, 0x00, 0x00,
0x00, 0x00, 0x00, 0xFD, 0x00, 0x00, 0x00, 0x0C, 0x00, 0x00, 0x00, 0x07, 0x00, 0x00, 0x00, 0x07,
0x00, 0x00, 0x00, 0x0B, 0xFF, 0xFF, 0xFF, 0xFF, 0x00, 0x00, 0x00, 0x00, 0x00, 0x00, 0x00, 0xFE,
0x00, 0x00, 0x00, 0x08, 0x00, 0x00, 0x00, 0x07, 0x00, 0x00, 0x00, 0x06, 0x00, 0x00, 0x00, 0x07,
0xFF, 0xFF, 0xFF, 0xFF, 0x00, 0x00, 0x00, 0x00, 0x00, 0x00, 0x00, 0xFF, 0x00, 0x00, 0x00, 0x0A,
0x00, 0x00, 0x00, 0x07, 0x00, 0x00, 0x00, 0x07, 0x00, 0x00, 0x00, 0x09, 0xFF, 0xFF, 0xFF, 0xFF,
0x00, 0x00, 0x00, 0x00, 0x00, 0x00, 0x01, 0x00, 0x00, 0x00, 0x00, 0x0B, 0x00, 0x00, 0x00, 0x07,
0x00, 0x00, 0x00, 0x07, 0x00, 0x00, 0x00, 0x0B, 0xFF, 0xFF, 0xFF, 0xFF, 0x00, 0x00, 0x00, 0x00,
0x00, 0x00, 0x01, 0x01, 0x00, 0x00, 0x00, 0x09, 0x00, 0x00, 0x00, 0x07, 0x00, 0x00, 0x00, 0x07,
0x00, 0x00, 0x00, 0x09, 0xFF, 0xFF, 0xFF, 0xFF, 0x00, 0x00, 0x00, 0x00, 0x00, 0x00, 0x01, 0x02,
0x00, 0x00, 0x00, 0x0D, 0x00, 0x00, 0x00, 0x07, 0x00, 0x00, 0x00, 0x07, 0x00, 0x00, 0x00, 0x0D,
0xFF, 0xFF, 0xFF, 0xFF, 0x00, 0x00, 0x00, 0x00, 0x00, 0x00, 0x01, 0x03, 0x00, 0x00, 0x00, 0x0B,
0x00, 0x00, 0x00, 0x07, 0x00, 0x00, 0x00, 0x07, 0x00, 0x00, 0x00, 0x0B, 0xFF, 0xFF, 0xFF, 0xFF,
0x00, 0x00, 0x00, 0x00, 0x00, 0x00, 0x01, 0x04, 0x00, 0x00, 0x00, 0x0B, 0x00, 0x00, 0x00, 0x09,
0x00, 0x00, 0x00, 0x09, 0x00, 0x00, 0x00, 0x08, 0xFF, 0xFF, 0xFF, 0xFF, 0x00, 0x00, 0x00, 0x00,
0x00, 0x00, 0x01, 0x05, 0x00, 0x00, 0x00, 0x09, 0x00, 0x00, 0x00, 0x09, 0x00, 0x00, 0x00, 0x09,
0x00, 0x00, 0x00, 0x06, 0xFF, 0xFF, 0xFF, 0xFF, 0x00, 0x00, 0x00, 0x00, 0x00, 0x00, 0x01, 0x06,
0x00, 0x00, 0x00, 0x0D, 0x00, 0x00, 0x00, 0x07, 0x00, 0x00, 0x00, 0x07, 0x00, 0x00, 0x00, 0x0D,
0xFF, 0xFF, 0xFF, 0xFF, 0x00, 0x00, 0x00, 0x00, 0x00, 0x00, 0x01, 0x07, 0x00, 0x00, 0x00, 0x0B,
0x00, 0x00, 0x00, 0x07, 0x00, 0x00, 0x00, 0x07, 0x00, 0x00, 0x00, 0x0B, 0xFF, 0xFF, 0xFF, 0xFF,
0x00, 0x00, 0x00, 0x00, 0x00, 0x00, 0x01, 0x08, 0x00, 0x00, 0x00, 0x0D, 0x00, 0x00, 0x00, 0x07,
0x00, 0x00, 0x00, 0x07, 0x00, 0x00, 0x00, 0x0D, 0xFF, 0xFF, 0xFF, 0xFF, 0x00, 0x00, 0x00, 0x00,
0x00, 0x00, 0x01, 0x09, 0x00, 0x00, 0x00, 0x0B, 0x00, 0x00, 0x00, 0x07, 0x00, 0x00, 0x00, 0x07,
0x00, 0x00, 0x00, 0x0B, 0xFF, 0xFF, 0xFF, 0xFF, 0x00, 0x00, 0x00, 0x00, 0x00, 0x00, 0x01, 0x0A,
0x00, 0x00, 0x00, 0x0B, 0x00, 0x00, 0x00, 0x07, 0x00, 0x00, 0x00, 0x07, 0x00, 0x00, 0x00, 0x0B,
0xFF, 0xFF, 0xFF, 0xFF, 0x00, 0x00, 0x00, 0x00, 0x00, 0x00, 0x01, 0x0B, 0x00, 0x00, 0x00, 0x09,
0x00, 0x00, 0x00, 0x07, 0x00, 0x00, 0x00, 0x07, 0x00, 0x00, 0x00, 0x09, 0xFF, 0xFF, 0xFF, 0xFF,
0x00, 0x00, 0x00, 0x00, 0x00, 0x00, 0x01, 0x0C, 0x00, 0x00, 0x00, 0x0D, 0x00, 0x00, 0x00, 0x07,
0x00, 0x00, 0x00, 0x07, 0x00, 0x00, 0x00, 0x0D, 0xFF, 0xFF, 0xFF, 0xFF, 0x00, 0x00, 0x00, 0x00,
0x00, 0x00, 0x01, 0x0D, 0x00, 0x00, 0x00, 0x0B, 0x00, 0x00, 0x00, 0x07, 0x00, 0x00, 0x00, 0x07,
0x00, 0x00, 0x00, 0x0B, 0xFF, 0xFF, 0xFF, 0xFF, 0x00, 0x00, 0x00, 0x00, 0x00, 0x00, 0x01, 0x0E,
0x00, 0x00, 0x00, 0x0D, 0x00, 0x00, 0x00, 0x07, 0x00, 0x00, 0x00, 0x07, 0x00, 0x00, 0x00, 0x0D,
0xFF, 0xFF, 0xFF, 0xFF, 0x00, 0x00, 0x00, 0x00, 0x00, 0x00, 0x01, 0x0F, 0x00, 0x00, 0x00, 0x08,
0x00, 0x00, 0x00, 0x09, 0x00, 0x00, 0x00, 0x09, 0x00, 0x00, 0x00, 0x08, 0xFF, 0xFF, 0xFF, 0xFF,
0x00, 0x00, 0x00, 0x00, 0x00, 0x00, 0x01, 0x10, 0x00, 0x00, 0x00, 0x08, 0x00, 0x00, 0x00, 0x07,
0x00, 0x00, 0x00, 0x07, 0x00, 0x00, 0x00, 0x08, 0xFF, 0xFF, 0xFF, 0xFF, 0x00, 0x00, 0x00, 0x00,
0x00, 0x00, 0x01, 0x11, 0x00, 0x00, 0x00, 0x0A, 0x00, 0x00, 0x00, 0x07, 0x00, 0x00, 0x00, 0x07,
0x00, 0x00, 0x00, 0x0A, 0xFF, 0xFF, 0xFF, 0xFF, 0x00, 0x00, 0x00, 0x00, 0x00, 0x00, 0x01, 0x12,
0x00, 0x00, 0x00, 0x0B, 0x00, 0x00, 0x00, 0x07, 0x00, 0x00, 0x00, 0x06, 0x00, 0x00, 0x00, 0x0B,
0xFF, 0xFF, 0xFF, 0xFF, 0x00, 0x00, 0x00, 0x00, 0x00, 0x00, 0x01, 0x13, 0x00, 0x00, 0x00, 0x09,
0x00, 0x00, 0x00, 0x07, 0x00, 0x00, 0x00, 0x07, 0x00, 0x00, 0x00, 0x09, 0xFF, 0xFF, 0xFF, 0xFF,
0x00, 0x00, 0x00, 0x00, 0x00, 0x00, 0x01, 0x14, 0x00, 0x00, 0x00, 0x0D, 0x00, 0x00, 0x00, 0x07,
0x00, 0x00, 0x00, 0x07, 0x00, 0x00, 0x00, 0x0D, 0xFF, 0xFF, 0xFF, 0xFF, 0x00, 0x00, 0x00, 0x00,
0x00, 0x00, 0x01, 0x15, 0x00, 0x00, 0x00, 0x0B, 0x00, 0x00, 0x00, 0x07, 0x00, 0x00, 0x00, 0x07,
0x00, 0x00, 0x00, 0x0B, 0xFF, 0xFF, 0xFF, 0xFF, 0x00, 0x00, 0x00, 0x00, 0x00, 0x00, 0x01, 0x16,
0x00, 0x00, 0x00, 0x0B, 0x00, 0x00, 0x00, 0x07, 0x00, 0x00, 0x00, 0x06, 0x00, 0x00, 0x00, 0x0B,
0xFF, 0xFF, 0xFF, 0xFF, 0x00, 0x00, 0x00, 0x00, 0x00, 0x00, 0x01, 0x17, 0x00, 0x00, 0x00, 0x09,
0x00, 0x00, 0x00, 0x07, 0x00, 0x00, 0x00, 0x07, 0x00, 0x00, 0x00, 0x09, 0xFF, 0xFF, 0xFF, 0xFF,
0x00, 0x00, 0x00, 0x00, 0x00, 0x00, 0x01, 0x18, 0x00, 0x00, 0x00, 0x0C, 0x00, 0x00, 0x00, 0x06,
0x00, 0x00, 0x00, 0x06, 0x00, 0x00, 0x00, 0x08, 0xFF, 0xFF, 0xFF, 0xFF, 0x00, 0x00, 0x00, 0x00,
0x00, 0x00, 0x01, 0x19, 0x00, 0x00, 0x00, 0x0A, 0x00, 0x00, 0x00, 0x07, 0x00, 0x00, 0x00, 0x07,
0x00, 0x00, 0x00, 0x06, 0xFF, 0xFF, 0xFF, 0xFF, 0x00, 0x00, 0x00, 0x00, 0x00, 0x00, 0x01, 0x1A,
0x00, 0x00, 0x00, 0x0D, 0x00, 0x00, 0x00, 0x07, 0x00, 0x00, 0x00, 0x06, 0x00, 0x00, 0x00, 0x0D,
0xFF, 0xFF, 0xFF, 0xFF, 0x00, 0x00, 0x00, 0x00, 0x00, 0x00, 0x01, 0x1B, 0x00, 0x00, 0x00, 0x0B,
0x00, 0x00, 0x00, 0x07, 0x00, 0x00, 0x00, 0x07, 0x00, 0x00, 0x00, 0x0B, 0xFF, 0xFF, 0xFF, 0xFF,
0x00, 0x00, 0x00, 0x00, 0x00, 0x00, 0x01, 0x1C, 0x00, 0x00, 0x00, 0x0D, 0x00, 0x00, 0x00, 0x07,
0x00, 0x00, 0x00, 0x07, 0x00, 0x00, 0x00, 0x0D, 0xFF, 0xFF, 0xFF, 0xFF, 0x00, 0x00, 0x00, 0x00,
0x00, 0x00, 0x01, 0x1D, 0x00, 0x00, 0x00, 0x0C, 0x00, 0x00, 0x00, 0x07, 0x00, 0x00, 0x00, 0x07,
0x00, 0x00, 0x00, 0x0B, 0xFF, 0xFF, 0xFF, 0xFF, 0x00, 0x00, 0x00, 0x00, 0x00, 0x00, 0x01, 0x1E,
0x00, 0x00, 0x00, 0x0D, 0x00, 0x00, 0x00, 0x07, 0x00, 0x00, 0x00, 0x07, 0x00, 0x00, 0x00, 0x0D,
0xFF, 0xFF, 0xFF, 0xFF, 0x00, 0x00, 0x00, 0x00, 0x00, 0x00, 0x01, 0x1F, 0x00, 0x00, 0x00, 0x0C,
0x00, 0x00, 0x00, 0x07, 0x00, 0x00, 0x00, 0x07, 0x00, 0x00, 0x00, 0x0B, 0xFF, 0xFF, 0xFF, 0xFF,
0x00, 0x00, 0x00, 0x00, 0x00, 0x00, 0x01, 0x20, 0x00, 0x00, 0x00, 0x0B, 0x00, 0x00, 0x00, 0x07,
0x00, 0x00, 0x00, 0x07, 0x00, 0x00, 0x00, 0x0B, 0xFF, 0xFF, 0xFF, 0xFF, 0x00, 0x00, 0x00, 0x00,
0x00, 0x00, 0x01, 0x21, 0x00, 0x00, 0x00, 0x0A, 0x00, 0x00, 0x00, 0x07, 0x00, 0x00, 0x00, 0x07,
0x00, 0x00, 0x00, 0x09, 0xFF, 0xFF, 0xFF, 0xFF, 0x00, 0x00, 0x00, 0x00, 0x00, 0x00, 0x01, 0x22,
0x00, 0x00, 0x00, 0x0C, 0x00, 0x00, 0x00, 0x07, 0x00, 0x00, 0x00, 0x07, 0x00, 0x00, 0x00, 0x08,
0xFF, 0xFF, 0xFF, 0xFF, 0x00, 0x00, 0x00, 0x00, 0x00, 0x00, 0x01, 0x23, 0x00, 0x00, 0x00, 0x0B,
0x00, 0x00, 0x00, 0x07, 0x00, 0x00, 0x00, 0x07, 0x00, 0x00, 0x00, 0x0A, 0xFF, 0xFF, 0xFF, 0xFF,
0x00, 0x00, 0x00, 0x00, 0x00, 0x00, 0x01, 0x24, 0x00, 0x00, 0x00, 0x0D, 0x00, 0x00, 0x00, 0x07,
0x00, 0x00, 0x00, 0x07, 0x00, 0x00, 0x00, 0x0D, 0xFF, 0xFF, 0xFF, 0xFF, 0x00, 0x00, 0x00, 0x00,
0x00, 0x00, 0x01, 0x25, 0x00, 0x00, 0x00, 0x0D, 0x00, 0x00, 0x00, 0x07, 0x00, 0x00, 0x00, 0x07,
0x00, 0x00, 0x00, 0x0D, 0xFF, 0xFF, 0xFF, 0xFF, 0x00, 0x00, 0x00, 0x00, 0x00, 0x00, 0x01, 0x26,
0x00, 0x00, 0x00, 0x08, 0x00, 0x00, 0x00, 0x08, 0x00, 0x00, 0x00, 0x08, 0x00, 0x00, 0x00, 0x08,
0xFF, 0xFF, 0xFF, 0xFF, 0x00, 0x00, 0x00, 0x00, 0x00, 0x00, 0x01, 0x27, 0x00, 0x00, 0x00, 0x0A,
0x00, 0x00, 0x00, 0x07, 0x00, 0x00, 0x00, 0x07, 0x00, 0x00, 0x00, 0x0A, 0xFF, 0xFF, 0xFF, 0xFF,
0x00, 0x00, 0x00, 0x00, 0x00, 0x00, 0x01, 0x28, 0x00, 0x00, 0x00, 0x0D, 0x00, 0x00, 0x00, 0x07,
0x00, 0x00, 0x00, 0x06, 0x00, 0x00, 0x00, 0x0D, 0xFF, 0xFF, 0xFF, 0xFE, 0x00, 0x00, 0x00, 0x00,
0x00, 0x00, 0x01, 0x29, 0x00, 0x00, 0x00, 0x0B, 0x00, 0x00, 0x00, 0x07, 0x00, 0x00, 0x00, 0x05,
0x00, 0x00, 0x00, 0x0B, 0xFF, 0xFF, 0xFF, 0xFD, 0x00, 0x00, 0x00, 0x00, 0x00, 0x00, 0x01, 0x2A,
0x00, 0x00, 0x00, 0x0B, 0x00, 0x00, 0x00, 0x06, 0x00, 0x00, 0x00, 0x06, 0x00, 0x00, 0x00, 0x0B,
0xFF, 0xFF, 0xFF, 0xFF, 0x00, 0x00, 0x00, 0x00, 0x00, 0x00, 0x01, 0x2B, 0x00, 0x00, 0x00, 0x09,
0x00, 0x00, 0x00, 0x06, 0x00, 0x00, 0x00, 0x07, 0x00, 0x00, 0x00, 0x09, 0x00, 0x00, 0x00, 0x00,
0x00, 0x00, 0x00, 0x00, 0x00, 0x00, 0x01, 0x2C, 0x00, 0x00, 0x00, 0x0C, 0x00, 0x00, 0x00, 0x07,
0x00, 0x00, 0x00, 0x07, 0x00, 0x00, 0x00, 0x0C, 0xFF, 0xFF, 0xFF, 0xFF, 0x00, 0x00, 0x00, 0x00,
0x00, 0x00, 0x01, 0x2D, 0x00, 0x00, 0x00, 0x0A, 0x00, 0x00, 0x00, 0x07, 0x00, 0x00, 0x00, 0x07,
0x00, 0x00, 0x00, 0x0A, 0xFF, 0xFF, 0xFF, 0xFF, 0x00, 0x00, 0x00, 0x00, 0x00, 0x00, 0x01, 0x2E,
0x00, 0x00, 0x00, 0x0C, 0x00, 0x00, 0x00, 0x05, 0x00, 0x00, 0x00, 0x04, 0x00, 0x00, 0x00, 0x08,
0xFF, 0xFF, 0xFF, 0xFF, 0x00, 0x00, 0x00, 0x00, 0x00, 0x00, 0x01, 0x2F, 0x00, 0x00, 0x00, 0x0C,
0x00, 0x00, 0x00, 0x05, 0x00, 0x00, 0x00, 0x03, 0x00, 0x00, 0x00, 0x09, 0xFF, 0xFF, 0xFF, 0xFE,
0x00, 0x00, 0x00, 0x00, 0x00, 0x00, 0x01, 0x30, 0x00, 0x00, 0x00, 0x0B, 0x00, 0x00, 0x00, 0x03,
0x00, 0x00, 0x00, 0x04, 0x00, 0x00, 0x00, 0x0B, 0x00, 0x00, 0x00, 0x00, 0x00, 0x00, 0x00, 0x00,
0x00, 0x00, 0x01, 0x31, 0x00, 0x00, 0x00, 0x06, 0x00, 0x00, 0x00, 0x02, 0x00, 0x00, 0x00, 0x02,
0x00, 0x00, 0x00, 0x06, 0xFF, 0xFF, 0xFF, 0xFF, 0x00, 0x00, 0x00, 0x00, 0x00, 0x00, 0x01, 0x32,
0x00, 0x00, 0x00, 0x08, 0x00, 0x00, 0x00, 0x0D, 0x00, 0x00, 0x00, 0x0E, 0x00, 0x00, 0x00, 0x08,
0x00, 0x00, 0x00, 0x00, 0x00, 0x00, 0x00, 0x00, 0x00, 0x00, 0x01, 0x33, 0x00, 0x00, 0x00, 0x0C,
0x00, 0x00, 0x00, 0x07, 0x00, 0x00, 0x00, 0x05, 0x00, 0x00, 0x00, 0x08, 0xFF, 0xFF, 0xFF, 0xFD,
0x00, 0x00, 0x00, 0x00, 0x00, 0x00, 0x01, 0x34, 0x00, 0x00, 0x00, 0x0D, 0x00, 0x00, 0x00, 0x09,
0x00, 0x00, 0x00, 0x09, 0x00, 0x00, 0x00, 0x0D, 0xFF, 0xFF, 0xFF, 0xFF, 0x00, 0x00, 0x00, 0x00,
0x00, 0x00, 0x01, 0x35, 0x00, 0x00, 0x00, 0x0C, 0x00, 0x00, 0x00, 0x08, 0x00, 0x00, 0x00, 0x08,
0x00, 0x00, 0x00, 0x0B, 0xFF, 0xFF, 0xFF, 0xFF, 0x00, 0x00, 0x00, 0x00, 0x00, 0x00, 0x01, 0x36,
0x00, 0x00, 0x00, 0x0C, 0x00, 0x00, 0x00, 0x07, 0x00, 0x00, 0x00, 0x07, 0x00, 0x00, 0x00, 0x08,
0xFF, 0xFF, 0xFF, 0xFF, 0x00, 0x00, 0x00, 0x00, 0x00, 0x00, 0x01, 0x37, 0x00, 0x00, 0x00, 0x0C,
0x00, 0x00, 0x00, 0x05, 0x00, 0x00, 0x00, 0x05, 0x00, 0x00, 0x00, 0x08, 0xFF, 0xFF, 0xFF, 0xFF,
0x00, 0x00, 0x00, 0x00, 0x00, 0x00, 0x01, 0x38, 0x00, 0x00, 0x00, 0x06, 0x00, 0x00, 0x00, 0x05,
0x00, 0x00, 0x00, 0x05, 0x00, 0x00, 0x00, 0x06, 0xFF, 0xFF, 0xFF, 0xFF, 0x00, 0x00, 0x00, 0x00,
0x00, 0x00, 0x01, 0x39, 0x00, 0x00, 0x00, 0x0D, 0x00, 0x00, 0x00, 0x07, 0x00, 0x00, 0x00, 0x06,
0x00, 0x00, 0x00, 0x0D, 0xFF, 0xFF, 0xFF, 0xFF, 0x00, 0x00, 0x00, 0x00, 0x00, 0x00, 0x01, 0x3A,
0x00, 0x00, 0x00, 0x0D, 0x00, 0x00, 0x00, 0x03, 0x00, 0x00, 0x00, 0x03, 0x00, 0x00, 0x00, 0x0D,
0xFF, 0xFF, 0xFF, 0xFF, 0x00, 0x00, 0x00, 0x00, 0x00, 0x00, 0x01, 0x3B, 0x00, 0x00, 0x00, 0x0C,
0x00, 0x00, 0x00, 0x07, 0x00, 0x00, 0x00, 0x06, 0x00, 0x00, 0x00, 0x08, 0xFF, 0xFF, 0xFF, 0xFF,
0x00, 0x00, 0x00, 0x00, 0x00, 0x00, 0x01, 0x3C, 0x00, 0x00, 0x00, 0x0C, 0x00, 0x00, 0x00, 0x03,
0x00, 0x00, 0x00, 0x02, 0x00, 0x00, 0x00, 0x08, 0xFF, 0xFF, 0xFF, 0xFE, 0x00, 0x00, 0x00, 0x00,
0x00, 0x00, 0x01, 0x3D, 0x00, 0x00, 0x00, 0x08, 0x00, 0x00, 0x00, 0x07, 0x00, 0x00, 0x00, 0x06,
0x00, 0x00, 0x00, 0x08, 0xFF, 0xFF, 0xFF, 0xFF, 0x00, 0x00, 0x00, 0x00, 0x00, 0x00, 0x01, 0x3E,
0x00, 0x00, 0x00, 0x08, 0x00, 0x00, 0x00, 0x04, 0x00, 0x00, 0x00, 0x04, 0x00, 0x00, 0x00, 0x08,
0xFF, 0xFF, 0xFF, 0xFF, 0x00, 0x00, 0x00, 0x00, 0x00, 0x00, 0x01, 0x3F, 0x00, 0x00, 0x00, 0x08,
0x00, 0x00, 0x00, 0x07, 0x00, 0x00, 0x00, 0x06, 0x00, 0x00, 0x00, 0x08, 0xFF, 0xFF, 0xFF, 0xFF,
0x00, 0x00, 0x00, 0x00, 0x00, 0x00, 0x01, 0x40, 0x00, 0x00, 0x00, 0x08, 0x00, 0x00, 0x00, 0x04,
0x00, 0x00, 0x00, 0x04, 0x00, 0x00, 0x00, 0x08, 0xFF, 0xFF, 0xFF, 0xFF, 0x00, 0x00, 0x00, 0x00,
0x00, 0x00, 0x01, 0x41, 0x00, 0x00, 0x00, 0x08, 0x00, 0x00, 0x00, 0x08, 0x00, 0x00, 0x00, 0x07,
0x00, 0x00, 0x00, 0x08, 0xFF, 0xFF, 0xFF, 0xFE, 0x00, 0x00, 0x00, 0x00, 0x00, 0x00, 0x01, 0x42,
0x00, 0x00, 0x00, 0x08, 0x00, 0x00, 0x00, 0x05, 0x00, 0x00, 0x00, 0x04, 0x00, 0x00, 0x00, 0x08,
0xFF, 0xFF, 0xFF, 0xFF, 0x00, 0x00, 0x00, 0x00, 0x00, 0x00, 0x01, 0x43, 0x00, 0x00, 0x00, 0x0D,
0x00, 0x00, 0x00, 0x07, 0x00, 0x00, 0x00, 0x07, 0x00, 0x00, 0x00, 0x0D, 0xFF, 0xFF, 0xFF, 0xFF,
0x00, 0x00, 0x00, 0x00, 0x00, 0x00, 0x01, 0x44, 0x00, 0x00, 0x00, 0x0B, 0x00, 0x00, 0x00, 0x07,
0x00, 0x00, 0x00, 0x07, 0x00, 0x00, 0x00, 0x0B, 0xFF, 0xFF, 0xFF, 0xFF, 0x00, 0x00, 0x00, 0x00,
0x00, 0x00, 0x01, 0x45, 0x00, 0x00, 0x00, 0x0C, 0x00, 0x00, 0x00, 0x06, 0x00, 0x00, 0x00, 0x06,
0x00, 0x00, 0x00, 0x08, 0xFF, 0xFF, 0xFF, 0xFF, 0x00, 0x00, 0x00, 0x00, 0x00, 0x00, 0x01, 0x46,
0x00, 0x00, 0x00, 0x0A, 0x00, 0x00, 0x00, 0x07, 0x00, 0x00, 0x00, 0x07, 0x00, 0x00, 0x00, 0x06,
0xFF, 0xFF, 0xFF, 0xFF, 0x00, 0x00, 0x00, 0x00, 0x00, 0x00, 0x01, 0x47, 0x00, 0x00, 0x00, 0x0D,
0x00, 0x00, 0x00, 0x07, 0x00, 0x00, 0x00, 0x07, 0x00, 0x00, 0x00, 0x0D, 0xFF, 0xFF, 0xFF, 0xFF,
0x00, 0x00, 0x00, 0x00, 0x00, 0x00, 0x01, 0x48, 0x00, 0x00, 0x00, 0x0B, 0x00, 0x00, 0x00, 0x07,
0x00, 0x00, 0x00, 0x07, 0x00, 0x00, 0x00, 0x0B, 0xFF, 0xFF, 0xFF, 0xFF, 0x00, 0x00, 0x00, 0x00,
0x00, 0x00, 0x01, 0x49, 0x00, 0x00, 0x00, 0x06, 0x00, 0x00, 0x00, 0x09, 0x00, 0x00, 0x00, 0x09,
0x00, 0x00, 0x00, 0x06, 0xFF, 0xFF, 0xFF, 0xFF, 0x00, 0x00, 0x00, 0x00, 0x00, 0x00, 0x01, 0x4A,
0x00, 0x00, 0x00, 0x0B, 0x00, 0x00, 0x00, 0x07, 0x00, 0x00, 0x00, 0x07, 0x00, 0x00, 0x00, 0x08,
0xFF, 0xFF, 0xFF, 0xFF, 0x00, 0x00, 0x00, 0x00, 0x00, 0x00, 0x01, 0x4B, 0x00, 0x00, 0x00, 0x08,
0x00, 0x00, 0x00, 0x07, 0x00, 0x00, 0x00, 0x06, 0x00, 0x00, 0x00, 0x05, 0xFF, 0xFF, 0xFF, 0xFF,
0x00, 0x00, 0x00, 0x00, 0x00, 0x00, 0x01, 0x4C, 0x00, 0x00, 0x00, 0x0B, 0x00, 0x00, 0x00, 0x07,
0x00, 0x00, 0x00, 0x07, 0x00, 0x00, 0x00, 0x0B, 0xFF, 0xFF, 0xFF, 0xFF, 0x00, 0x00, 0x00, 0x00,
0x00, 0x00, 0x01, 0x4D, 0x00, 0x00, 0x00, 0x09, 0x00, 0x00, 0x00, 0x07, 0x00, 0x00, 0x00, 0x07,
0x00, 0x00, 0x00, 0x09, 0xFF, 0xFF, 0xFF, 0xFF, 0x00, 0x00, 0x00, 0x00, 0x00, 0x00, 0x01, 0x4E,
0x00, 0x00, 0x00, 0x0D, 0x00, 0x00, 0x00, 0x07, 0x00, 0x00, 0x00, 0x07, 0x00, 0x00, 0x00, 0x0D,
0xFF, 0xFF, 0xFF, 0xFF, 0x00, 0x00, 0x00, 0x00, 0x00, 0x00, 0x01, 0x4F, 0x00, 0x00, 0x00, 0x0B,
0x00, 0x00, 0x00, 0x07, 0x00, 0x00, 0x00, 0x07, 0x00, 0x00, 0x00, 0x0B, 0xFF, 0xFF, 0xFF, 0xFF,
0x00, 0x00, 0x00, 0x00, 0x00, 0x00, 0x01, 0x50, 0x00, 0x00, 0x00, 0x0D, 0x00, 0x00, 0x00, 0x07,
0x00, 0x00, 0x00, 0x07, 0x00, 0x00, 0x00, 0x0D, 0xFF, 0xFF, 0xFF, 0xFF, 0x00, 0x00, 0x00, 0x00,
0x00, 0x00, 0x01, 0x51, 0x00, 0x00, 0x00, 0x0C, 0x00, 0x00, 0x00, 0x07, 0x00, 0x00, 0x00, 0x07,
0x00, 0x00, 0x00, 0x0C, 0xFF, 0xFF, 0xFF, 0xFF, 0x00, 0x00, 0x00, 0x00, 0x00, 0x00, 0x01, 0x52,
0x00, 0x00, 0x00, 0x08, 0x00, 0x00, 0x00, 0x0B, 0x00, 0x00, 0x00, 0x0B, 0x00, 0x00, 0x00, 0x08,
0xFF, 0xFF, 0xFF, 0xFF, 0x00, 0x00, 0x00, 0x00, 0x00, 0x00, 0x01, 0x53, 0x00, 0x00, 0x00, 0x06,
0x00, 0x00, 0x00, 0x0B, 0x00, 0x00, 0x00, 0x0B, 0x00, 0x00, 0x00, 0x06, 0xFF, 0xFF, 0xFF, 0xFF,
0x00, 0x00, 0x00, 0x00, 0x00, 0x00, 0x01, 0x54, 0x00, 0x00, 0x00, 0x0D, 0x00, 0x00, 0x00, 0x07,
0x00, 0x00, 0x00, 0x07, 0x00, 0x00, 0x00, 0x0D, 0xFF, 0xFF, 0xFF, 0xFF, 0x00, 0x00, 0x00, 0x00,
0x00, 0x00, 0x01, 0x55, 0x00, 0x00, 0x00, 0x0B, 0x00, 0x00, 0x00, 0x07, 0x00, 0x00, 0x00, 0x07,
0x00, 0x00, 0x00, 0x0B, 0xFF, 0xFF, 0xFF, 0xFF, 0x00, 0x00, 0x00, 0x00, 0x00, 0x00, 0x01, 0x56,
0x00, 0x00, 0x00, 0x0C, 0x00, 0x00, 0x00, 0x06, 0x00, 0x00, 0x00, 0x06, 0x00, 0x00, 0x00, 0x08,
0xFF, 0xFF, 0xFF, 0xFF, 0x00, 0x00, 0x00, 0x00, 0x00, 0x00, 0x01, 0x57, 0x00, 0x00, 0x00, 0x0A,
0x00, 0x00, 0x00, 0x07, 0x00, 0x00, 0x00, 0x07, 0x00, 0x00, 0x00, 0x06, 0xFF, 0xFF, 0xFF, 0xFF,
0x00, 0x00, 0x00, 0x00, 0x00, 0x00, 0x01, 0x58, 0x00, 0x00, 0x00, 0x0D, 0x00, 0x00, 0x00, 0x07,
0x00, 0x00, 0x00, 0x07, 0x00, 0x00, 0x00, 0x0D, 0xFF, 0xFF, 0xFF, 0xFF, 0x00, 0x00, 0x00, 0x00,
0x00, 0x00, 0x01, 0x59, 0x00, 0x00, 0x00, 0x0B, 0x00, 0x00, 0x00, 0x07, 0x00, 0x00, 0x00, 0x07,
0x00, 0x00, 0x00, 0x0B, 0xFF, 0xFF, 0xFF, 0xFF, 0x00, 0x00, 0x00, 0x00, 0x00, 0x00, 0x01, 0x5A,
0x00, 0x00, 0x00, 0x0D, 0x00, 0x00, 0x00, 0x07, 0x00, 0x00, 0x00, 0x07, 0x00, 0x00, 0x00, 0x0D,
0xFF, 0xFF, 0xFF, 0xFF, 0x00, 0x00, 0x00, 0x00, 0x00, 0x00, 0x01, 0x5B, 0x00, 0x00, 0x00, 0x0B,
0x00, 0x00, 0x00, 0x07, 0x00, 0x00, 0x00, 0x07, 0x00, 0x00, 0x00, 0x0B, 0xFF, 0xFF, 0xFF, 0xFF,
0x00, 0x00, 0x00, 0x00, 0x00, 0x00, 0x01, 0x5C, 0x00, 0x00, 0x00, 0x0D, 0x00, 0x00, 0x00, 0x07,
0x00, 0x00, 0x00, 0x07, 0x00, 0x00, 0x00, 0x0D, 0xFF, 0xFF, 0xFF, 0xFF, 0x00, 0x00, 0x00, 0x00,
0x00, 0x00, 0x01, 0x5D, 0x00, 0x00, 0x00, 0x0B, 0x00, 0x00, 0x00, 0x07, 0x00, 0x00, 0x00, 0x07,
0x00, 0x00, 0x00, 0x0B, 0xFF, 0xFF, 0xFF, 0xFF, 0x00, 0x00, 0x00, 0x00, 0x00, 0x00, 0x01, 0x5E,
0x00, 0x00, 0x00, 0x0B, 0x00, 0x00, 0x00, 0x07, 0x00, 0x00, 0x00, 0x07, 0x00, 0x00, 0x00, 0x08,
0xFF, 0xFF, 0xFF, 0xFF, 0x00, 0x00, 0x00, 0x00, 0x00, 0x00, 0x01, 0x5F, 0x00, 0x00, 0x00, 0x09,
0x00, 0x00, 0x00, 0x07, 0x00, 0x00, 0x00, 0x07, 0x00, 0x00, 0x00, 0x06, 0xFF, 0xFF, 0xFF, 0xFF,
0x00, 0x00, 0x00, 0x00, 0x00, 0x00, 0x01, 0x60, 0x00, 0x00, 0x00, 0x0D, 0x00, 0x00, 0x00, 0x07,
0x00, 0x00, 0x00, 0x07, 0x00, 0x00, 0x00, 0x0D, 0xFF, 0xFF, 0xFF, 0xFF, 0x00, 0x00, 0x00, 0x00,
0x00, 0x00, 0x01, 0x61, 0x00, 0x00, 0x00, 0x0B, 0x00, 0x00, 0x00, 0x07, 0x00, 0x00, 0x00, 0x07,
0x00, 0x00, 0x00, 0x0B, 0xFF, 0xFF, 0xFF, 0xFF, 0x00, 0x00, 0x00, 0x00, 0x00, 0x00, 0x01, 0x62,
0x00, 0x00, 0x00, 0x0B, 0x00, 0x00, 0x00, 0x06, 0x00, 0x00, 0x00, 0x07, 0x00, 0x00, 0x00, 0x08,
0x00, 0x00, 0x00, 0x00, 0x00, 0x00, 0x00, 0x00, 0x00, 0x00, 0x01, 0x63, 0x00, 0x00, 0x00, 0x0B,
0x00, 0x00, 0x00, 0x04, 0x00, 0x00, 0x00, 0x05, 0x00, 0x00, 0x00, 0x08, 0x00, 0x00, 0x00, 0x00,
0x00, 0x00, 0x00, 0x00, 0x00, 0x00, 0x01, 0x64, 0x00, 0x00, 0x00, 0x0D, 0x00, 0x00, 0x00, 0x06,
0x00, 0x00, 0x00, 0x07, 0x00, 0x00, 0x00, 0x0D, 0x00, 0x00, 0x00, 0x00, 0x00, 0x00, 0x00, 0x00,
0x00, 0x00, 0x01, 0x65, 0x00, 0x00, 0x00, 0x08, 0x00, 0x00, 0x00, 0x06, 0x00, 0x00, 0x00, 0x06,
0x00, 0x00, 0x00, 0x08, 0x00, 0x00, 0x00, 0x00, 0x00, 0x00, 0x00, 0x00, 0x00, 0x00, 0x01, 0x66,
0x00, 0x00, 0x00, 0x08, 0x00, 0x00, 0x00, 0x06, 0x00, 0x00, 0x00, 0x07, 0x00, 0x00, 0x00, 0x08,
0x00, 0x00, 0x00, 0x00, 0x00, 0x00, 0x00, 0x00, 0x00, 0x00, 0x01, 0x67, 0x00, 0x00, 0x00, 0x08,
0x00, 0x00, 0x00, 0x06, 0x00, 0x00, 0x00, 0x07, 0x00, 0x00, 0x00, 0x08, 0x00, 0x00, 0x00, 0x00,
0x00, 0x00, 0x00, 0x00, 0x00, 0x00, 0x01, 0x68, 0x00, 0x00, 0x00, 0x0D, 0x00, 0x00, 0x00, 0x07,
0x00, 0x00, 0x00, 0x07, 0x00, 0x00, 0x00, 0x0D, 0xFF, 0xFF, 0xFF, 0xFF, 0x00, 0x00, 0x00, 0x00,
0x00, 0x00, 0x01, 0x69, 0x00, 0x00, 0x00, 0x0B, 0x00, 0x00, 0x00, 0x07, 0x00, 0x00, 0x00, 0x07,
0x00, 0x00, 0x00, 0x0B, 0xFF, 0xFF, 0xFF, 0xFF, 0x00, 0x00, 0x00, 0x00, 0x00, 0x00, 0x01, 0x6A,
0x00, 0x00, 0x00, 0x0B, 0x00, 0x00, 0x00, 0x07, 0x00, 0x00, 0x00, 0x07, 0x00, 0x00, 0x00, 0x0B,
0xFF, 0xFF, 0xFF, 0xFF, 0x00, 0x00, 0x00, 0x00, 0x00, 0x00, 0x01, 0x6B, 0x00, 0x00, 0x00, 0x09,
0x00, 0x00, 0x00, 0x07, 0x00, 0x00, 0x00, 0x07, 0x00, 0x00, 0x00, 0x09, 0xFF, 0xFF, 0xFF, 0xFF,
0x00, 0x00, 0x00, 0x00, 0x00, 0x00, 0x01, 0x6C, 0x00, 0x00, 0x00, 0x0D, 0x00, 0x00, 0x00, 0x07,
0x00, 0x00, 0x00, 0x07, 0x00, 0x00, 0x00, 0x0D, 0xFF, 0xFF, 0xFF, 0xFF, 0x00, 0x00, 0x00, 0x00,
0x00, 0x00, 0x01, 0x6D, 0x00, 0x00, 0x00, 0x0B, 0x00, 0x00, 0x00, 0x07, 0x00, 0x00, 0x00, 0x07,
0x00, 0x00, 0x00, 0x0B, 0xFF, 0xFF, 0xFF, 0xFF, 0x00, 0x00, 0x00, 0x00, 0x00, 0x00, 0x01, 0x6E,
0x00, 0x00, 0x00, 0x0E, 0x00, 0x00, 0x00, 0x07, 0x00, 0x00, 0x00, 0x07, 0x00, 0x00, 0x00, 0x0E,
0xFF, 0xFF, 0xFF, 0xFF, 0x00, 0x00, 0x00, 0x00, 0x00, 0x00, 0x01, 0x6F, 0x00, 0x00, 0x00, 0x0C,
0x00, 0x00, 0x00, 0x07, 0x00, 0x00, 0x00, 0x07, 0x00, 0x00, 0x00, 0x0C, 0xFF, 0xFF, 0xFF, 0xFF,
0x00, 0x00, 0x00, 0x00, 0x00, 0x00, 0x01, 0x70, 0x00, 0x00, 0x00, 0x0D, 0x00, 0x00, 0x00, 0x07,
0x00, 0x00, 0x00, 0x07, 0x00, 0x00, 0x00, 0x0D, 0xFF, 0xFF, 0xFF, 0xFF, 0x00, 0x00, 0x00, 0x00,
0x00, 0x00, 0x01, 0x71, 0x00, 0x00, 0x00, 0x0B, 0x00, 0x00, 0x00, 0x07, 0x00, 0x00, 0x00, 0x07,
0x00, 0x00, 0x00, 0x0B, 0xFF, 0xFF, 0xFF, 0xFF, 0x00, 0x00, 0x00, 0x00, 0x00, 0x00, 0x01, 0x72,
0x00, 0x00, 0x00, 0x0B, 0x00, 0x00, 0x00, 0x07, 0x00, 0x00, 0x00, 0x07, 0x00, 0x00, 0x00, 0x08,
0xFF, 0xFF, 0xFF, 0xFF, 0x00, 0x00, 0x00, 0x00, 0x00, 0x00, 0x01, 0x73, 0x00, 0x00, 0x00, 0x09,
0x00, 0x00, 0x00, 0x08, 0x00, 0x00, 0x00, 0x08, 0x00, 0x00, 0x00, 0x06, 0xFF, 0xFF, 0xFF, 0xFF,
0x00, 0x00, 0x00, 0x00, 0x00, 0x00, 0x01, 0x74, 0x00, 0x00, 0x00, 0x0D, 0x00, 0x00, 0x00, 0x07,
0x00, 0x00, 0x00, 0x07, 0x00, 0x00, 0x00, 0x0D, 0xFF, 0xFF, 0xFF, 0xFF, 0x00, 0x00, 0x00, 0x00,
0x00, 0x00, 0x01, 0x75, 0x00, 0x00, 0x00, 0x0B, 0x00, 0x00, 0x00, 0x07, 0x00, 0x00, 0x00, 0x07,
0x00, 0x00, 0x00, 0x0B, 0xFF, 0xFF, 0xFF, 0xFF, 0x00, 0x00, 0x00, 0x00, 0x00, 0x00, 0x01, 0x76,
0x00, 0x00, 0x00, 0x0D, 0x00, 0x00, 0x00, 0x07, 0x00, 0x00, 0x00, 0x07, 0x00, 0x00, 0x00, 0x0D,
0xFF, 0xFF, 0xFF, 0xFF, 0x00, 0x00, 0x00, 0x00, 0x00, 0x00, 0x01, 0x77, 0x00, 0x00, 0x00, 0x0C,
0x00, 0x00, 0x00, 0x07, 0x00, 0x00, 0x00, 0x07, 0x00, 0x00, 0x00, 0x0B, 0xFF, 0xFF, 0xFF, 0xFF,
0x00, 0x00, 0x00, 0x00, 0x00, 0x00, 0x01, 0x78, 0x00, 0x00, 0x00, 0x0B, 0x00, 0x00, 0x00, 0x07,
0x00, 0x00, 0x00, 0x07, 0x00, 0x00, 0x00, 0x0B, 0xFF, 0xFF, 0xFF, 0xFF, 0x00, 0x00, 0x00, 0x00,
0x00, 0x00, 0x01, 0x79, 0x00, 0x00, 0x00, 0x0D, 0x00, 0x00, 0x00, 0x07, 0x00, 0x00, 0x00, 0x07,
0x00, 0x00, 0x00, 0x0D, 0xFF, 0xFF, 0xFF, 0xFF, 0x00, 0x00, 0x00, 0x00, 0x00, 0x00, 0x01, 0x7A,
0x00, 0x00, 0x00, 0x0B, 0x00, 0x00, 0x00, 0x06, 0x00, 0x00, 0x00, 0x07, 0x00, 0x00, 0x00, 0x0B,
0x00, 0x00, 0x00, 0x00, 0x00, 0x00, 0x00, 0x00, 0x00, 0x00, 0x01, 0x7B, 0x00, 0x00, 0x00, 0x0B,
0x00, 0x00, 0x00, 0x07, 0x00, 0x00, 0x00, 0x07, 0x00, 0x00, 0x00, 0x0B, 0xFF, 0xFF, 0xFF, 0xFF,
0x00, 0x00, 0x00, 0x00, 0x00, 0x00, 0x01, 0x7C, 0x00, 0x00, 0x00, 0x09, 0x00, 0x00, 0x00, 0x06,
0x00, 0x00, 0x00, 0x07, 0x00, 0x00, 0x00, 0x09, 0x00, 0x00, 0x00, 0x00, 0x00, 0x00, 0x00, 0x00,
0x00, 0x00, 0x01, 0x7D, 0x00, 0x00, 0x00, 0x0D, 0x00, 0x00, 0x00, 0x07, 0x00, 0x00, 0x00, 0x07,
0x00, 0x00, 0x00, 0x0D, 0xFF, 0xFF, 0xFF, 0xFF, 0x00, 0x00, 0x00, 0x00, 0x00, 0x00, 0x01, 0x7E,
0x00, 0x00, 0x00, 0x0B, 0x00, 0x00, 0x00, 0x06, 0x00, 0x00, 0x00, 0x07, 0x00, 0x00, 0x00, 0x0B,
0x00, 0x00, 0x00, 0x00, 0x00, 0x00, 0x00, 0x00, 0x00, 0x00, 0x01, 0x7F, 0x00, 0x00, 0x00, 0x08,
0x00, 0x00, 0x00, 0x06, 0x00, 0x00, 0x00, 0x06, 0x00, 0x00, 0x00, 0x08, 0xFF, 0xFF, 0xFF, 0xFF,
0x00, 0x00, 0x00, 0x00, 0x28, 0xF8, 0x28, 0xF8, 0x28, 0xF8, 0x28, 0xF8, 0x28, 0xF8, 0x28, 0xF8,
0x08, 0x32, 0x28, 0xF8, 0x28, 0xF8, 0x28, 0xF8, 0x28, 0xF8, 0x28, 0xF8, 0x06, 0x26, 0x06, 0x26,
0x28, 0xF8, 0x30, 0xF0, 0x00, 0x00, 0x28, 0xF8, 0x30, 0xF0, 0x00, 0x00, 0xFF, 0xFF, 0xFF, 0xFF,
0xFF, 0xFF, 0x53, 0xF9, 0x5A, 0xF3, 0x34, 0x34, 0xFF, 0xFF, 0xFF, 0xFF, 0xFF, 0xFF, 0x50, 0xF9,
0x57, 0xF3, 0x30, 0x30, 0x28, 0xF8, 0x30, 0xF0, 0x00, 0x00, 0x28, 0xF8, 0x30, 0xF0, 0x00, 0x00,
0x00, 0x00, 0x28, 0xF8, 0x00, 0x00, 0x00, 0x00, 0x00, 0xFF, 0xFF, 0xFF, 0xFF, 0xF8, 0x28, 0xF8,
0x28, 0xF8, 0x00, 0x00, 0x00, 0x08, 0x32, 0xFF, 0xFF, 0xFF, 0x00, 0x00, 0x00, 0x00, 0x28, 0xF8,
0x00, 0x28, 0xF8, 0x00, 0x00, 0x28, 0xF8, 0x00, 0x07, 0x2E, 0x28, 0xFF, 0xFF, 0xFF, 0xFF, 0x00,
0x00, 0x07, 0x30, 0x50, 0xF9, 0x30, 0x00, 0x00, 0x00, 0x08, 0xF8, 0x00, 0x00, 0x28, 0xF8, 0x28,
0xF9, 0x3A, 0xFF, 0xF8, 0x08, 0x32, 0x00, 0x08, 0xF8, 0x08, 0xF8, 0x00, 0x00, 0x00, 0x01, 0x3A,
0xF9, 0x32, 0x00, 0x00, 0x00, 0x08, 0xF8, 0x08, 0xF8, 0x00, 0x00, 0x00, 0x08, 0xF8, 0x01, 0x2E,
0x00, 0x00, 0x08, 0x38, 0xCC, 0xC7, 0x32, 0x1F, 0xC5, 0x28, 0xF8, 0x00, 0x08, 0xF8, 0x00, 0x00,
0x00, 0x00, 0x08, 0xF8, 0x00, 0x00, 0x00, 0x08, 0xF9, 0x3A, 0xF8, 0x00, 0x00, 0x00, 0x08, 0xF8,
0x00, 0x00, 0x00, 0x08, 0xF9, 0x3A, 0xF8, 0x00, 0x06, 0x28, 0x2E, 0x07, 0x56, 0x26, 0x28, 0xF8,
0x00, 0x28, 0xFF, 0xF8, 0x1F, 0xC7, 0x34, 0x53, 0xFE, 0xC5, 0x00, 0x08, 0xFF, 0xFF, 0xF8, 0x00,
0x28, 0xF8, 0x28, 0xF8, 0x06, 0x26, 0x00, 0x00, 0xFF, 0xFF, 0x28, 0x28, 0xF8, 0x34, 0x34, 0x08,
0x28, 0xF8, 0x00, 0x00, 0x00, 0x28, 0xF8, 0x00, 0x00, 0x00, 0x28, 0xF8, 0x00, 0x00, 0x00, 0x28,
0xF8, 0x00, 0x00, 0x00, 0x1F, 0xC5, 0x34, 0x34, 0x08, 0x00, 0x00, 0xFF, 0xFF, 0x28, 0xFF, 0xFF,
0x28, 0x34, 0x34, 0xD8, 0x00, 0x00, 0xD0, 0x00, 0x00, 0xD0, 0x00, 0x00, 0xD0, 0x00, 0x00, 0xD0,
0x34, 0x34, 0xAD, 0xFF, 0xFF, 0x28, 0x28, 0xF8, 0x00, 0xE8, 0x18, 0x08, 0x3A, 0xF8, 0x2F, 0x04,
0x28, 0xF8, 0x00, 0xE8, 0x18, 0x08, 0x32, 0x00, 0x2F, 0x04, 0x00, 0x28, 0xF8, 0x00, 0x00, 0x00,
0x00, 0x28, 0xF8, 0x00, 0x00, 0x00, 0xFF, 0xFF, 0xFF, 0xFF, 0xFF, 0xFF, 0x30, 0x50, 0xF9, 0x30,
0x30, 0x30, 0x00, 0x28, 0xF8, 0x00, 0x00, 0x00, 0x00, 0x28, 0xF8, 0x00, 0x00, 0x00, 0x0E, 0x34,
0x32, 0x48, 0xFF, 0xF8, 0x00, 0x28, 0xF8, 0x04, 0x04, 0x04, 0x04, 0x04, 0x04, 0xFF, 0xFF, 0xFF,
0xFF, 0xFF, 0xFF, 0x30, 0x30, 0x30, 0x30, 0x30, 0x30, 0x08, 0x32, 0x28, 0xF8, 0x00, 0x00, 0x00,
0x00, 0x00, 0x28, 0xF8, 0x00, 0x00, 0x00, 0x08, 0xF8, 0x08, 0x32, 0x00, 0x00, 0x00, 0x08, 0xF8,
0x00, 0x00, 0x00, 0x00, 0x08, 0xF8, 0x00, 0x00, 0x00, 0x00, 0x01, 0x28, 0x2E, 0x00, 0x00, 0x00,
0x00, 0x08, 0xF8, 0x00, 0x00, 0x00, 0x00, 0x08, 0x38, 0xC5, 0x00, 0x00, 0x00, 0x00, 0x28, 0xF8,
0x00, 0x00, 0x00, 0x00, 0x00, 0x00, 0x00, 0xFF, 0xFF, 0xFF, 0x00, 0x00, 0x28, 0xF8, 0x34, 0x34,
0x34, 0x28, 0xF8, 0x28, 0xF8, 0x00, 0x00, 0x00, 0x28, 0xF8, 0x28, 0xF8, 0x00, 0x00, 0x00, 0x28,
0xF8, 0x1F, 0xC5, 0x34, 0x34, 0x34, 0x1F, 0xC5, 0x00, 0x00, 0xFF, 0xFF, 0xFF, 0x00, 0x00, 0x00,
0x28, 0xF8, 0x00, 0x00, 0x00, 0x14, 0xFF, 0xF8, 0x00, 0x00, 0x00, 0x03, 0x50, 0xF8, 0x00, 0x00,
0x00, 0x00, 0x28, 0xF8, 0x00, 0x00, 0x00, 0x34, 0x53, 0xF9, 0x34, 0x34, 0x34, 0xFF, 0xFF, 0xFF,
0xFF, 0xFF, 0xFF, 0x28, 0xFF, 0xFF, 0xFF, 0xFF, 0x00, 0x00, 0x08, 0x34, 0x34, 0x34, 0x34, 0x28,
0xF8, 0x00, 0x00, 0xFF, 0xFF, 0xFF, 0x00, 0x00, 0x10, 0x64, 0x30, 0x30, 0x30, 0x00, 0x00, 0x28,
0xF9, 0x34, 0x34, 0x34, 0x34, 0x32, 0x28, 0xFF, 0xFF, 0xFF, 0xFF, 0xFF, 0xF8, 0x00, 0x00, 0xFF,
0xFF, 0xFF, 0x00, 0x00, 0x28, 0xF8, 0x34, 0x34, 0x34, 0x28, 0xF8, 0x00, 0x00, 0x28, 0xFF, 0xFF,
0x00, 0x00, 0x00, 0x00, 0x07, 0x30, 0x30, 0x06, 0x26, 0x08, 0x32, 0x00, 0x00, 0x00, 0x28, 0xF8,
0x28, 0xF8, 0x34, 0x34, 0x34, 0x28, 0xF8, 0x00, 0x00, 0xFF, 0xFF, 0xFF, 0x00, 0x00, 0x28, 0xF8,
0x00, 0x28, 0xF8, 0x00, 0x00, 0x28, 0xF8, 0x00, 0x28, 0xF8, 0x00, 0x00, 0x28, 0xF8, 0x00, 0x28,
0xF8, 0x00, 0x00, 0x28, 0xFF, 0xFF, 0xFF, 0xFF, 0xFF, 0x18, 0x07, 0x30, 0x30, 0x50, 0xF9, 0x30,
0x04, 0x00, 0x00, 0x00, 0x28, 0xF8, 0x00, 0x00, 0x00, 0x00, 0x00, 0x28, 0xF8, 0x00, 0x00, 0x28,
0xFF, 0xFF, 0xFF, 0xFF, 0xFF, 0xF8, 0x28, 0xF9, 0x34, 0x34, 0x34, 0x34, 0x32, 0x28, 0xF8, 0x00,
0x00, 0x00, 0x00, 0x00, 0x28, 0xFF, 0xFF, 0xFF, 0xFF, 0x00, 0x00, 0x07, 0x30, 0x30, 0x30, 0x30,
0x0E, 0x59, 0x00, 0x00, 0x00, 0x00, 0x00, 0x28, 0xF8, 0x1F, 0xC5, 0x34, 0x34, 0x34, 0x1F, 0xC5,
0x00, 0x00, 0xFF, 0xFF, 0xFF, 0x00, 0x00, 0x00, 0x00, 0xFF, 0xFF, 0xFF, 0x00, 0x00, 0x28, 0xF8,
0x34, 0x34, 0x34, 0x28, 0xF8, 0x28, 0xF8, 0x00, 0x00, 0x00, 0x07, 0x2E, 0x28, 0xFF, 0xFF, 0xFF,
0xFF, 0x00, 0x00, 0x28, 0xF9, 0x30, 0x30, 0x30, 0x06, 0x26, 0x28, 0xF8, 0x00, 0x00, 0x00, 0x28,
0xF8, 0x1F, 0xC5, 0x34, 0x34, 0x34, 0x1F, 0xC5, 0x00, 0x00, 0xFF, 0xFF, 0xFF, 0x00, 0x00, 0x28,
0xFF, 0xFF, 0xFF, 0xFF, 0xFF, 0xF8, 0x07, 0x30, 0x30, 0x30, 0x30, 0x50, 0xF8, 0x00, 0x00, 0x00,
0x00, 0x00, 0x28, 0xF8, 0x00, 0x00, 0x00, 0xFF, 0xFF, 0x28, 0x00, 0x00, 0x01, 0x26, 0x30, 0x30,
0x07, 0x00, 0x00, 0x08, 0xF8, 0x00, 0x00, 0x00, 0x00, 0x08, 0x3A, 0xF8, 0x00, 0x00, 0x00, 0x00,
0x28, 0xF8, 0x00, 0x00, 0x00, 0x00, 0x00, 0x06, 0x26, 0xFF, 0xFF, 0xFF, 0x06, 0x26, 0x28, 0xF8,
0x34, 0x34, 0x34, 0x28, 0xF8, 0x28, 0xF8, 0x00, 0x00, 0x00, 0x28, 0xF8, 0x00, 0x00, 0xFF, 0xFF,
0xFF, 0x00, 0x00, 0x28, 0xF8, 0x00, 0x00, 0x00, 0x28, 0xF8, 0x28, 0xF8, 0x00, 0x00, 0x00, 0x28,
0xF8, 0x28, 0xF8, 0x00, 0x00, 0x00, 0x28, 0xF8, 0x28, 0xF8, 0x34, 0x34, 0x34, 0x28, 0xF8, 0x00,
0x00, 0xFF, 0xFF, 0xFF, 0x00, 0x00, 0x00, 0x00, 0xFF, 0xFF, 0xFF, 0x00, 0x00, 0x28, 0xF8, 0x00,
0x00, 0x00, 0x28, 0xF8, 0x28, 0xF8, 0x00, 0x00, 0x00, 0x28, 0xF8, 0x06, 0x2E, 0xFF, 0xFF, 0xFF,
0xFF, 0xF8, 0x00, 0x01, 0x30, 0x30, 0x30, 0x50, 0xF8, 0x08, 0x32, 0x00, 0x00, 0x00, 0x28, 0xF8,
0x28, 0xF8, 0x34, 0x34, 0x34, 0x28, 0xF8, 0x00, 0x00, 0xFF, 0xFF, 0xFF, 0x00, 0x00, 0x28, 0xF8,
0x28, 0xF8, 0x06, 0x26, 0x06, 0x26, 0x28, 0xF8, 0x28, 0xF8, 0x28, 0xF8, 0x28, 0xF8, 0x06, 0x26,
0x28, 0xF8, 0x28, 0xF8, 0x28, 0xF8, 0x28, 0xF8, 0x00, 0x00, 0x00, 0xE8, 0x18, 0x00, 0x08, 0xF8,
0x2F, 0x04, 0x28, 0xF8, 0x00, 0x00, 0x00, 0x07, 0x2E, 0x00, 0x00, 0x00, 0x00, 0x06, 0xC5, 0x2F,
0x04, 0x00, 0x00, 0x00, 0xE8, 0x18, 0xFF, 0xFF, 0xFF, 0xFF, 0xFF, 0xFF, 0x34, 0x34, 0x34, 0x34,
0x34, 0x34, 0xFF, 0xFF, 0xFF, 0xFF, 0xFF, 0xFF, 0x30, 0x30, 0x30, 0x30, 0x30, 0x30, 0x28, 0xF8,
0x00, 0x00, 0x00, 0x08, 0x3A, 0xF8, 0x00, 0x00, 0x00, 0x00, 0x00, 0xE8, 0x18, 0x00, 0x00, 0x00,
0x2B, 0x04, 0x08, 0x38, 0xC5, 0x00, 0x00, 0x28, 0xF8, 0x00, 0x00, 0x00, 0x00, 0x08, 0xFF, 0xFF,
0xFF, 0x28, 0x00, 0x28, 0xF9, 0x34, 0x34, 0x34, 0x30, 0xF8, 0x08, 0x32, 0x00, 0x00, 0x00, 0x28,
0xF8, 0x00, 0x00, 0x00, 0xFF, 0xFF, 0x28, 0x00, 0x00, 0x08, 0xF8, 0x00, 0x00, 0x00, 0x00, 0x00,
0x01, 0x2E, 0x00, 0x00, 0x00, 0x00, 0x00, 0x01, 0x32, 0x00, 0x00, 0x00, 0x00, 0x00, 0x08, 0xF8,
0x00, 0x00, 0x00, 0x00, 0x00, 0x00, 0xFF, 0xFF, 0xFF, 0x00, 0x00, 0x28, 0xF8, 0x00, 0x00, 0x00,
0x28, 0xF8, 0x28, 0xF8, 0x00, 0xFF, 0xFF, 0xFF, 0xF8, 0x28, 0xF8, 0x00, 0xFF, 0xFF, 0xFF, 0xF8,
0x28, 0xF8, 0x00, 0x64, 0x64, 0x64, 0x60, 0x28, 0xF8, 0x34, 0x34, 0x34, 0x34, 0x32, 0x00, 0x00,
0xFF, 0xFF, 0xFF, 0xFF, 0xF8, 0x00, 0x00, 0x08, 0xF8, 0x00, 0x00, 0x00, 0x00, 0x08, 0xF9, 0x3A,
0xF8, 0x00, 0x00, 0x28, 0xF8, 0x00, 0x00, 0x00, 0x28, 0xF8, 0x28, 0xF8, 0x00, 0x00, 0x00, 0x28,
0xF8, 0x28, 0xFF, 0xFF, 0xFF, 0xFF, 0xFF, 0xF8, 0x28, 0xF9, 0x30, 0x30, 0x30, 0x50, 0xF8, 0x28,
0xF8, 0x00, 0x00, 0x00, 0x28, 0xF8, 0x28, 0xF8, 0x00, 0x00, 0x00, 0x28, 0xF8, 0x28, 0xFF, 0xFF,
0xFF, 0xFF, 0xD8, 0x00, 0x28, 0xF9, 0x34, 0x34, 0x34, 0x53, 0xF8, 0x28, 0xF8, 0x00, 0x00, 0x00,
0x28, 0xF8, 0x28, 0xFF, 0xFF, 0xFF, 0xFF, 0xD8, 0x00, 0x28, 0xF9, 0x30, 0x30, 0x30, 0x2E, 0x26,
0x28, 0xF8, 0x00, 0x00, 0x00, 0x28, 0xF8, 0x28, 0xF9, 0x34, 0x34, 0x34, 0x4B, 0xC5, 0x28, 0xFF,
0xFF, 0xFF, 0xFF, 0xD8, 0x00, 0x00, 0x00, 0xFF, 0xFF, 0xFF, 0x00, 0x00, 0x28, 0xF8, 0x34, 0x34,
0x34, 0x28, 0xF8, 0x28, 0xF8, 0x00, 0x00, 0x00, 0x07, 0x2E, 0x28, 0xF8, 0x00, 0x00, 0x00, 0x00,
0x00, 0x28, 0xF8, 0x00, 0x00, 0x00, 0x00, 0x00, 0x28, 0xF8, 0x00, 0x00, 0x00, 0x00, 0x00, 0x1F,
0xC5, 0x34, 0x34, 0x34, 0x1F, 0xC5, 0x00, 0x00, 0xFF, 0xFF, 0xFF, 0x00, 0x00, 0x28, 0xFF, 0xFF,
0xFF, 0xFF, 0xD8, 0x00, 0x28, 0xF9, 0x34, 0x34, 0x34, 0x53, 0xF8, 0x28, 0xF8, 0x00, 0x00, 0x00,
0x28, 0xF8, 0x28, 0xF8, 0x00, 0x00, 0x00, 0x28, 0xF8, 0x28, 0xF8, 0x00, 0x00, 0x00, 0x28, 0xF8,
0x28, 0xF8, 0x00, 0x00, 0x00, 0x28, 0xF8, 0x28, 0xF9, 0x34, 0x34, 0x34, 0x4B, 0xC5, 0x28, 0xFF,
0xFF, 0xFF, 0xFF, 0xD8, 0x00, 0x28, 0xFF, 0xFF, 0xFF, 0xFF, 0xFF, 0x78, 0x28, 0xF9, 0x34, 0x34,
0x34, 0x34, 0x18, 0x28, 0xF8, 0x00, 0x00, 0x00, 0x00, 0x00, 0x28, 0xFF, 0xFF, 0xFF, 0xFF, 0xFF,
0x78, 0x28, 0xF9, 0x30, 0x30, 0x30, 0x30, 0x16, 0x28, 0xF8, 0x00, 0x00, 0x00, 0x00, 0x00, 0x28,
0xF9, 0x34, 0x34, 0x34, 0x34, 0x18, 0x28, 0xFF, 0xFF, 0xFF, 0xFF, 0xFF, 0x78, 0x28, 0xFF, 0xFF,
0xFF, 0xFF, 0xFF, 0x78, 0x28, 0xF9, 0x34, 0x34, 0x34, 0x34, 0x18, 0x28, 0xF8, 0x00, 0x00, 0x00,
0x00, 0x00, 0x28, 0xFF, 0xFF, 0xFF, 0xFF, 0x58, 0x00, 0x28, 0xF9, 0x30, 0x30, 0x30, 0x10, 0x00,
0x28, 0xF8, 0x00, 0x00, 0x00, 0x00, 0x00, 0x28, 0xF8, 0x00, 0x00, 0x00, 0x00, 0x00, 0x28, 0xF8,
0x00, 0x00, 0x00, 0x00, 0x00, 0x00, 0x00, 0xFF, 0xFF, 0xFF, 0x00, 0x00, 0x28, 0xF8, 0x34, 0x34,
0x34, 0x28, 0xF8, 0x28, 0xF8, 0x00, 0x00, 0x00, 0x08, 0x32, 0x28, 0xF8, 0x00, 0xFF, 0xFF, 0xFF,
0xF8, 0x28, 0xF8, 0x00, 0x30, 0x30, 0x50, 0xF8, 0x28, 0xF8, 0x00, 0x00, 0x00, 0x28, 0xF8, 0x1F,
0xC5, 0x34, 0x34, 0x34, 0x1F, 0xC5, 0x00, 0x00, 0xFF, 0xFF, 0xFF, 0x00, 0x00, 0x28, 0xF8, 0x00,
0x00, 0x00, 0x28, 0xF8, 0x28, 0xF8, 0x00, 0x00, 0x00, 0x28, 0xF8, 0x28, 0xF8, 0x00, 0x00, 0x00,
0x28, 0xF8, 0x28, 0xFF, 0xFF, 0xFF, 0xFF, 0xFF, 0xF8, 0x28, 0xF9, 0x30, 0x30, 0x30, 0x50, 0xF8,
0x28, 0xF8, 0x00, 0x00, 0x00, 0x28, 0xF8, 0x28, 0xF8, 0x00, 0x00, 0x00, 0x28, 0xF8, 0x28, 0xF8,
0x00, 0x00, 0x00, 0x28, 0xF8, 0xFF, 0xFF, 0xFF, 0x53, 0xF9, 0x34, 0x28, 0xF8, 0x00, 0x28, 0xF8,
0x00, 0x28, 0xF8, 0x00, 0x28, 0xF8, 0x00, 0x53, 0xF9, 0x34, 0xFF, 0xFF, 0xFF, 0x00, 0x00, 0x00,
0xFF, 0xFF, 0xFF, 0xFF, 0xFF, 0xFF, 0x00, 0x00, 0x00, 0x34, 0x34, 0x53, 0xF9, 0x34, 0x34, 0x00,
0x00, 0x00, 0x00, 0x00, 0x28, 0xF8, 0x00, 0x00, 0x00, 0x00, 0x00, 0x00, 0x00, 0x28, 0xF8, 0x00,
0x00, 0x00, 0x00, 0x00, 0x00, 0x00, 0x28, 0xF8, 0x00, 0x00, 0x00, 0x00, 0x00, 0x00, 0x00, 0x28,
0xF8, 0x00, 0x00, 0x1F, 0xC5, 0x34, 0x34, 0x34, 0x1F, 0xC5, 0x00, 0x00, 0x00, 0x00, 0xFF, 0xFF,
0xFF, 0x00, 0x00, 0x00, 0x00, 0x28, 0xF8, 0x00, 0x00, 0x00, 0x28, 0xF8, 0x28, 0xF8, 0x00, 0x08,
0xF8, 0x08, 0x32, 0x28, 0xF8, 0x28, 0xF8, 0x00, 0x00, 0x00, 0x28, 0xFF, 0xE0, 0x32, 0x00, 0x00,
0x00, 0x28, 0xF8, 0x28, 0xF8, 0x00, 0x00, 0x00, 0x28, 0xF8, 0x07, 0x2E, 0x00, 0x00, 0x00, 0x28,
0xF8, 0x00, 0x06, 0xC5, 0x08, 0x32, 0x28, 0xF8, 0x00, 0x00, 0x00, 0x28, 0xF8, 0x28, 0xF8, 0x00,
0x00, 0x00, 0x00, 0x00, 0x28, 0xF8, 0x00, 0x00, 0x00, 0x00, 0x00, 0x28, 0xF8, 0x00, 0x00, 0x00,
0x00, 0x00, 0x28, 0xF8, 0x00, 0x00, 0x00, 0x00, 0x00, 0x28, 0xF8, 0x00, 0x00, 0x00, 0x00, 0x00,
0x28, 0xF8, 0x00, 0x00, 0x00, 0x00, 0x00, 0x28, 0xF9, 0x34, 0x34, 0x34, 0x34, 0x18, 0x28, 0xFF,
0xFF, 0xFF, 0xFF, 0xFF, 0x78, 0x28, 0xF8, 0x00, 0x00, 0x28, 0xF8, 0x28, 0xFF, 0xD8, 0x08, 0xFF,
0xF8, 0x28, 0xF8, 0x28, 0xF8, 0x28, 0xF8, 0x28, 0xF8, 0x08, 0x32, 0x28, 0xF8, 0x28, 0xF8, 0x00,
0x00, 0x28, 0xF8, 0x28, 0xF8, 0x00, 0x00, 0x28, 0xF8, 0x28, 0xF8, 0x00, 0x00, 0x28, 0xF8, 0x28,
0xF8, 0x00, 0x00, 0x28, 0xF8, 0x28, 0xF8, 0x00, 0x00, 0x28, 0xF8, 0x28, 0xFF, 0xD8, 0x00, 0x28,
0xF8, 0x28, 0xF8, 0x28, 0xF8, 0x28, 0xF8, 0x28, 0xF8, 0x08, 0x3A, 0xFF, 0xF8, 0x28, 0xF8, 0x00,
0x01, 0x50, 0xF8, 0x28, 0xF8, 0x00, 0x00, 0x28, 0xF8, 0x28, 0xF8, 0x00, 0x00, 0x28, 0xF8, 0x28,
0xF8, 0x00, 0x00, 0x28, 0xF8, 0x00, 0x00, 0xFF, 0xFF, 0xFF, 0x00, 0x00, 0x28, 0xF8, 0x34, 0x34,
0x34, 0x28, 0xF8, 0x28, 0xF8, 0x00, 0x00, 0x00, 0x28, 0xF8, 0x28, 0xF8, 0x00, 0x00, 0x00, 0x28,
0xF8, 0x28, 0xF8, 0x00, 0x00, 0x00, 0x28, 0xF8, 0x28, 0xF8, 0x00, 0x00, 0x00, 0x28, 0xF8, 0x1F,
0xC5, 0x34, 0x34, 0x34, 0x1F, 0xC5, 0x00, 0x00, 0xFF, 0xFF, 0xFF, 0x00, 0x00, 0x28, 0xFF, 0xFF,
0xFF, 0xFF, 0xD8, 0x00, 0x28, 0xF9, 0x34, 0x34, 0x34, 0x53, 0xF8, 0x28, 0xF8, 0x00, 0x00, 0x00,
0x28, 0xF8, 0x28, 0xFF, 0xFF, 0xFF, 0xFF, 0xD8, 0x00, 0x28, 0xF9, 0x30, 0x30, 0x30, 0x28, 0x00,
0x28, 0xF8, 0x00, 0x00, 0x00, 0x00, 0x00, 0x28, 0xF8, 0x00, 0x00, 0x00, 0x00, 0x00, 0x28, 0xF8,
0x00, 0x00, 0x00, 0x00, 0x00, 0x20, 0xC9, 0xFF, 0xFF, 0xF8, 0x20, 0xC9, 0x28, 0xF8, 0x34, 0x34,
0x32, 0x28, 0xF8, 0x28, 0xF8, 0x00, 0x00, 0x00, 0x28, 0xF8, 0x28, 0xF8, 0x00, 0x00, 0x00, 0x28,
0xF8, 0x28, 0xFF, 0xFF, 0xFF, 0x28, 0x28, 0xF8, 0x28, 0xF9, 0x30, 0x30, 0x07, 0x07, 0x2E, 0x1F,
0xC5, 0x34, 0x34, 0xAD, 0x08, 0x32, 0x00, 0x00, 0xFF, 0xFF, 0x28, 0x28, 0xF8, 0x28, 0xFF, 0xFF,
0xFF, 0xFF, 0xD8, 0x00, 0x28, 0xF9, 0x34, 0x34, 0x34, 0x53, 0xF8, 0x28, 0xF8, 0x00, 0x00, 0x00,
0x28, 0xF8, 0x28, 0xFF, 0xFF, 0xFF, 0xFF, 0xD8, 0x00, 0x28, 0xF8, 0x00, 0x00, 0x00, 0x28, 0xF8,
0x28, 0xF8, 0x00, 0x00, 0x00, 0x28, 0xF8, 0x28, 0xF8, 0x00, 0x00, 0x00, 0x28, 0xF8, 0x28, 0xF8,
0x00, 0x00, 0x00, 0x28, 0xF8, 0x00, 0x00, 0xFF, 0xFF, 0xFF, 0x00, 0x00, 0x28, 0xF8, 0x34, 0x34,
0x34, 0x28, 0xF8, 0x28, 0xF8, 0x00, 0x00, 0x00, 0x08, 0x32, 0x00, 0x00, 0xFF, 0xFF, 0xFF, 0x00,
0x00, 0x00, 0x00, 0x30, 0x30, 0x30, 0x0E, 0x59, 0x00, 0x00, 0x00, 0x00, 0x00, 0x28, 0xF8, 0x1F,
0xC5, 0x34, 0x34, 0x34, 0x1F, 0xC5, 0x00, 0x00, 0xFF, 0xFF, 0xFF, 0x00, 0x00, 0xFF, 0xFF, 0xFF,
0xFF, 0xFF, 0xFF, 0x34, 0x53, 0xF9, 0x34, 0x34, 0x34, 0x00, 0x28, 0xF8, 0x00, 0x00, 0x00, 0x00,
0x28, 0xF8, 0x00, 0x00, 0x00, 0x00, 0x28, 0xF8, 0x00, 0x00, 0x00, 0x00, 0x28, 0xF8, 0x00, 0x00,
0x00, 0x00, 0x28, 0xF8, 0x00, 0x00, 0x00, 0x00, 0x28, 0xF8, 0x00, 0x00, 0x00, 0x28, 0xF8, 0x00,
0x00, 0x00, 0x28, 0xF8, 0x28, 0xF8, 0x00, 0x00, 0x00, 0x28, 0xF8, 0x28, 0xF8, 0x00, 0x00, 0x00,
0x28, 0xF8, 0x28, 0xF8, 0x00, 0x00, 0x00, 0x28, 0xF8, 0x28, 0xF8, 0x00, 0x00, 0x00, 0x28, 0xF8,
0x28, 0xF8, 0x00, 0x00, 0x00, 0x28, 0xF8, 0x28, 0xF8, 0x34, 0x34, 0x34, 0x28, 0xF8, 0x00, 0x00,
0xFF, 0xFF, 0xFF, 0x00, 0x00, 0x28, 0xF8, 0x00, 0x00, 0x00, 0x28, 0xF8, 0x28, 0xF8, 0x00, 0x00,
0x00, 0x28, 0xF8, 0x28, 0xF8, 0x00, 0x00, 0x00, 0x28, 0xF8, 0x28, 0xF8, 0x00, 0x00, 0x00, 0x28,
0xF8, 0x28, 0xF8, 0x00, 0x00, 0x00, 0x28, 0xF8, 0x28, 0xF8, 0x00, 0x00, 0x00, 0x28, 0xF8, 0x00,
0x06, 0xC7, 0x38, 0xC5, 0x00, 0x00, 0x00, 0x00, 0x08, 0xF8, 0x00, 0x00, 0x00, 0x28, 0xF8, 0x00,
0x00, 0x28, 0xF8, 0x28, 0xF8, 0x00, 0x00, 0x28, 0xF8, 0x28, 0xF8, 0x00, 0x00, 0x28, 0xF8, 0x28,
0xF8, 0x28, 0xF8, 0x28, 0xF8, 0x28, 0xF8, 0x28, 0xF8, 0x28, 0xF8, 0x28, 0xF8, 0x06, 0x26, 0x28,
0xF8, 0x28, 0xFF, 0xD8, 0x08, 0xFF, 0xF8, 0x28, 0xF9, 0x28, 0x01, 0x50, 0xF8, 0x28, 0xF8, 0x00,
0x00, 0x00, 0x28, 0xF8, 0x28, 0xF8, 0x00, 0x00, 0x00, 0x28, 0xF8, 0x06, 0x2E, 0xF8, 0x08, 0xF8,
0x06, 0x26, 0x00, 0x01, 0x3A, 0xF9, 0x32, 0x00, 0x00, 0x00, 0x08, 0xF8, 0x08, 0xF8, 0x00, 0x00,
0x06, 0x28, 0x2E, 0x01, 0x2E, 0x06, 0x26, 0x28, 0xF8, 0x00, 0x00, 0x00, 0x28, 0xF8, 0x28, 0xF8,
0x00, 0x00, 0x00, 0x28, 0xF8, 0x28, 0xF8, 0x00, 0x00, 0x00, 0x28, 0xF8, 0x28, 0xF8, 0x00, 0x00,
0x00, 0x28, 0xF8, 0x06, 0x2E, 0xF8, 0x08, 0xF8, 0x06, 0x26, 0x00, 0x01, 0x3A, 0xF9, 0x32, 0x00,
0x00, 0x00, 0x00, 0x08, 0xF8, 0x00, 0x00, 0x00, 0x00, 0x00, 0x08, 0xF8, 0x00, 0x00, 0x00, 0x00,
0x00, 0x08, 0xF8, 0x00, 0x00, 0x00, 0x00, 0x00, 0x08, 0xF8, 0x00, 0x00, 0x00, 0x28, 0xFF, 0xFF,
0xFF, 0xFF, 0xFF, 0xF8, 0x28, 0xF9, 0x34, 0x34, 0x34, 0x53, 0xF8, 0x10, 0x64, 0x00, 0x08, 0xF8,
0x10, 0x64, 0x00, 0x00, 0x08, 0xF9, 0x32, 0x00, 0x00, 0x00, 0x08, 0xF8, 0x00, 0x00, 0x00, 0x00,
0x10, 0x66, 0x2E, 0x00, 0x00, 0x10, 0x64, 0x28, 0xF9, 0x34, 0x34, 0x34, 0x53, 0xF8, 0x28, 0xFF,
0xFF, 0xFF, 0xFF, 0xFF, 0xF8, 0x28, 0xFF, 0xFF, 0xFF, 0x38, 0x28, 0xF9, 0x34, 0x34, 0x0B, 0x28,
0xF8, 0x00, 0x00, 0x00, 0x28, 0xF8, 0x00, 0x00, 0x00, 0x28, 0xF8, 0x00, 0x00, 0x00, 0x28, 0xF8,
0x00, 0x00, 0x00, 0x28, 0xF9, 0x34, 0x34, 0x0B, 0x28, 0xFF, 0xFF, 0xFF, 0x38, 0x28, 0xF8, 0x00,
0x00, 0x00, 0x00, 0x00, 0x08, 0x3A, 0xF8, 0x00, 0x00, 0x00, 0x00, 0x00, 0x08, 0xF8, 0x00, 0x00,
0x00, 0x00, 0x00, 0x00, 0x08, 0xF8, 0x00, 0x00, 0x00, 0x00, 0x00, 0x01, 0x2F, 0x26, 0x00, 0x00,
0x00, 0x00, 0x00, 0x08, 0xF8, 0x00, 0x00, 0x00, 0x00, 0x00, 0x06, 0xC5, 0x08, 0x32, 0x00, 0x00,
0x00, 0x00, 0x00, 0x28, 0xF8, 0x68, 0xFF, 0xFF, 0xF8, 0x15, 0x34, 0x53, 0xF8, 0x00, 0x00, 0x28,
0xF8, 0x00, 0x00, 0x28, 0xF8, 0x00, 0x00, 0x28, 0xF8, 0x00, 0x00, 0x28, 0xF8, 0x15, 0x34, 0x53,
0xF8, 0x68, 0xFF, 0xFF, 0xF8, 0x00, 0x0B, 0xF4, 0x03, 0x00, 0x28, 0xF8, 0x00, 0xE8, 0x18, 0x07,
0x2E, 0x00, 0x2B, 0x04, 0x04, 0x04, 0x04, 0x04, 0x04, 0x04, 0xFF, 0xFF, 0xFF, 0xFF, 0xFF, 0xFF,
0x30, 0x30, 0x30, 0x30, 0x30, 0x30, 0x27, 0xF4, 0x03, 0x00, 0x08, 0xF8, 0x00, 0x01, 0x2E, 0x08,
0x3A, 0xFF, 0xFF, 0xFF, 0xFF, 0xF8, 0x28, 0xF9, 0x34, 0x34, 0x34, 0x53, 0xF8, 0x28, 0xF8, 0x00,
0x00, 0x00, 0x28, 0xF8, 0x28, 0xF8, 0x00, 0x00, 0x00, 0x28, 0xF8, 0x1F, 0xC5, 0x34, 0x34, 0xB4,
0xD4, 0xF8, 0x00, 0x00, 0xFF, 0xFF, 0x28, 0x28, 0xF8, 0x28, 0xF8, 0x00, 0x00, 0x00, 0x00, 0x00,
0x28, 0xF8, 0x00, 0x00, 0x00, 0x00, 0x00, 0x28, 0xF8, 0x00, 0xFF, 0xFF, 0x28, 0x00, 0x28, 0xFF,
0xFF, 0x34, 0x34, 0xE0, 0x48, 0x28, 0xF9, 0x30, 0x00, 0x00, 0xD8, 0x48, 0x28, 0xF8, 0x00, 0x00,
0x00, 0xD8, 0x48, 0x28, 0xFE, 0xCC, 0x34, 0x34, 0xB4, 0x39, 0x28, 0xF8, 0x00, 0xFF, 0xFF, 0x28,
0x00, 0x00, 0x00, 0xFF, 0xFF, 0xFF, 0x00, 0x00, 0x28, 0xF8, 0x34, 0x34, 0x34, 0x28, 0xF8, 0x28,
0xF8, 0x00, 0x00, 0x00, 0x07, 0x2E, 0x28, 0xF8, 0x00, 0x00, 0x00, 0x00, 0x00, 0x1F, 0xC5, 0x34,
0x34, 0x34, 0x1F, 0xC5, 0x00, 0x00, 0xFF, 0xFF, 0xFF, 0x00, 0x00, 0x00, 0x00, 0x00, 0x00, 0x00,
0x28, 0xF8, 0x00, 0x00, 0x00, 0x00, 0x00, 0x28, 0xF8, 0x00, 0x00, 0xFF, 0xFF, 0x28, 0x28, 0xF8,
0x28, 0xF8, 0x34, 0x34, 0xE0, 0xFF, 0xF8, 0x28, 0xF8, 0x00, 0x00, 0x28, 0x50, 0xF8, 0x28, 0xF8,
0x00, 0x00, 0x00, 0x28, 0xF8, 0x1F, 0xC5, 0x34, 0x34, 0xB4, 0xD4, 0xF8, 0x00, 0x00, 0xFF, 0xFF,
0x28, 0x28, 0xF8, 0x00, 0x00, 0xFF, 0xFF, 0xFF, 0x00, 0x00, 0x28, 0xF8, 0x34, 0x34, 0x34, 0x28,
0xF8, 0x28, 0xFF, 0xFF, 0xFF, 0xFF, 0xFF, 0xF8, 0x28, 0xF9, 0x30, 0x30, 0x30, 0x30, 0x2E, 0x1F,
0xC5, 0x34, 0x34, 0x34, 0x00, 0x00, 0x00, 0x00, 0xFF, 0xFF, 0xFF, 0x00, 0x00, 0x00, 0x00, 0xFF,
0xFF, 0x28, 0x00, 0x28, 0xF8, 0x34, 0x34, 0x30, 0xF8, 0x28, 0xF8, 0x00, 0x00, 0x08, 0x32, 0xFF,
0xFF, 0xFF, 0x00, 0x00, 0x00, 0x50, 0xF9, 0x30, 0x00, 0x00, 0x00, 0x28, 0xF8, 0x00, 0x00, 0x00,
0x00, 0x28, 0xF8, 0x00, 0x00, 0x00, 0x00, 0x28, 0xF8, 0x00, 0x00, 0x00, 0x00, 0x00, 0x00, 0xFF,
0xFF, 0x28, 0x28, 0xF8, 0x28, 0xF8, 0x34, 0x34, 0xE0, 0xFF, 0xF8, 0x28, 0xF8, 0x00, 0x00, 0x2B,
0x53, 0xF8, 0x00, 0x08, 0xFF, 0xFF, 0xFF, 0xFF, 0xF8, 0x00, 0x01, 0x30, 0x30, 0x30, 0x50, 0xF8,
0x08, 0x34, 0x34, 0x34, 0x34, 0x53, 0xF8, 0x28, 0xFF, 0xFF, 0xFF, 0xFF, 0xD8, 0x00, 0x28, 0xF8,
0x00, 0x00, 0x00, 0x00, 0x00, 0x28, 0xF8, 0x00, 0x00, 0x00, 0x00, 0x00, 0x28, 0xF8, 0x00, 0xFF,
0xFF, 0x28, 0x00, 0x28, 0xFF, 0xFF, 0x34, 0x34, 0xE0, 0x48, 0x28, 0xF9, 0x34, 0x00, 0x00, 0xD8,
0x48, 0x28, 0xF8, 0x00, 0x00, 0x00, 0xD8, 0x48, 0x28, 0xF8, 0x00, 0x00, 0x00, 0xD8, 0x48, 0x28,
0xF8, 0x00, 0x00, 0x00, 0xD8, 0x48, 0x08, 0x32, 0x28, 0xF8, 0x00, 0x00, 0x28, 0xF8, 0x28, 0xF8,
0x28, 0xF8, 0x28, 0xF8, 0x28, 0xF8, 0x28, 0xF8, 0x00, 0x00, 0x00, 0x00, 0x00, 0x08, 0x32, 0x00,
0x00, 0x00, 0x00, 0x00, 0x28, 0xF8, 0x00, 0x00, 0x00, 0x00, 0x00, 0x00, 0x00, 0x00, 0x00, 0x00,
0x00, 0x00, 0x28, 0xF8, 0x00, 0x00, 0x00, 0x00, 0x00, 0x28, 0xF8, 0x00, 0x00, 0x00, 0x00, 0x00,
0x28, 0xF8, 0x00, 0x00, 0x00, 0x00, 0x00, 0x28, 0xF8, 0x00, 0x00, 0x00, 0x00, 0x00, 0x28, 0xF8,
0x08, 0x32, 0x00, 0x00, 0x00, 0x28, 0xF8, 0x28, 0xF8, 0x00, 0x00, 0x00, 0x28, 0xF8, 0x00, 0x00,
0xFF, 0xFF, 0xFF, 0x00, 0x00, 0x00, 0x00, 0x30, 0x30, 0x30, 0x00, 0x00, 0x28, 0xF8, 0x00, 0x00,
0x00, 0x28, 0xF8, 0x00, 0x00, 0x00, 0x28, 0xF8, 0x00, 0x08, 0xF8, 0x28, 0xF8, 0x28, 0xF9, 0x32,
0x28, 0xFF, 0xD8, 0x00, 0x00, 0x28, 0xF9, 0x28, 0x00, 0x00, 0x28, 0xF8, 0x1F, 0xC7, 0x32, 0x28,
0xF8, 0x00, 0x08, 0xF8, 0x28, 0xF8, 0x28, 0xF8, 0x28, 0xF8, 0x28, 0xF8, 0x28, 0xF8, 0x28, 0xF8,
0x28, 0xF8, 0x28, 0xF8, 0x28, 0xF8, 0x28, 0xF8, 0x00, 0x28, 0xF8, 0x00, 0x28, 0xFF, 0xE0, 0x3A,
0xF8, 0x08, 0x3A, 0xF8, 0x28, 0xF9, 0x2B, 0x08, 0xF8, 0x00, 0x08, 0xF8, 0x28, 0xF8, 0x00, 0x08,
0xF8, 0x00, 0x08, 0xF8, 0x28, 0xF8, 0x00, 0x08, 0xF8, 0x00, 0x08, 0xF8, 0x28, 0xF8, 0x00, 0x08,
0xF8, 0x00, 0x08, 0xF8, 0x28, 0xF8, 0x00, 0xFF, 0xFF, 0x28, 0x00, 0x28, 0xFF, 0xFF, 0x34, 0x34,
0xE0, 0x48, 0x28, 0xF9, 0x34, 0x00, 0x00, 0xD8, 0x48, 0x28, 0xF8, 0x00, 0x00, 0x00, 0xD8, 0x48,
0x28, 0xF8, 0x00, 0x00, 0x00, 0xD8, 0x48, 0x28, 0xF8, 0x00, 0x00, 0x00, 0xD8, 0x48, 0x00, 0x00,
0xFF, 0xFF, 0xFF, 0x00, 0x00, 0x28, 0xF8, 0x34, 0x34, 0x34, 0x28, 0xF8, 0x28, 0xF8, 0x00, 0x00,
0x00, 0x28, 0xF8, 0x28, 0xF8, 0x00, 0x00, 0x00, 0x28, 0xF8, 0x1F, 0xC5, 0x34, 0x34, 0x34, 0x1F,
0xC5, 0x00, 0x00, 0xFF, 0xFF, 0xFF, 0x00, 0x00, 0x28, 0xFF, 0xFF, 0xFF, 0xFF, 0xD8, 0x00, 0x28,
0xF9, 0x34, 0x34, 0x34, 0x53, 0xF8, 0x28, 0xF8, 0x00, 0x00, 0x00, 0x28, 0xF8, 0x28, 0xFF, 0xFF,
0xFF, 0xFF, 0xD8, 0x00, 0x28, 0xF9, 0x30, 0x30, 0x30, 0x28, 0x00, 0x28, 0xF8, 0x00, 0x00, 0x00,
0x00, 0x00, 0x28, 0xF8, 0x00, 0x00, 0x00, 0x00, 0x00, 0x00, 0x08, 0xFF, 0xFF, 0xFF, 0xFF, 0xF8,
0x28, 0xF9, 0x34, 0x34, 0x34, 0x53, 0xF8, 0x28, 0xF8, 0x00, 0x00, 0x00, 0x28, 0xF8, 0x00, 0x08,
0xFF, 0xFF, 0xFF, 0xFF, 0xF8, 0x00, 0x01, 0x30, 0x30, 0x30, 0x50, 0xF8, 0x00, 0x00, 0x00, 0x00,
0x00, 0x28, 0xF8, 0x00, 0x00, 0x00, 0x00, 0x00, 0x28, 0xF8, 0x28, 0xF8, 0x00, 0xFF, 0xFF, 0x28,
0x00, 0x28, 0xFF, 0xFF, 0x34, 0x34, 0xE0, 0x48, 0x28, 0xF9, 0x30, 0x00, 0x00, 0x28, 0x0D, 0x28,
0xF8, 0x00, 0x00, 0x00, 0x00, 0x00, 0x28, 0xF8, 0x00, 0x00, 0x00, 0x00, 0x00, 0x28, 0xF8, 0x00,
0x00, 0x00, 0x00, 0x00, 0x00, 0x00, 0xFF, 0xFF, 0xFF, 0xFF, 0xF8, 0x28, 0xF8, 0x34, 0x34, 0x34,
0x34, 0x32, 0x00, 0x00, 0xFF, 0xFF, 0xFF, 0x00, 0x00, 0x00, 0x00, 0x30, 0x30, 0x30, 0x00, 0x00,
0x08, 0x34, 0x34, 0x34, 0x34, 0x1F, 0xC5, 0x28, 0xFF, 0xFF, 0xFF, 0xFF, 0x00, 0x00, 0x28, 0xF8,
0x00, 0x28, 0xF8, 0x00, 0xFF, 0xFF, 0xFF, 0x53, 0xF9, 0x34, 0x28, 0xF8, 0x00, 0x28, 0xF8, 0x00,
0x28, 0xF8, 0x00, 0x28, 0xF8, 0x00, 0x28, 0xF8, 0x00, 0x00, 0x00, 0x28, 0xF8, 0x28, 0xF8, 0x00,
0x00, 0x00, 0x28, 0xF8, 0x28, 0xF8, 0x00, 0x00, 0x00, 0x28, 0xF8, 0x28, 0xF8, 0x00, 0x00, 0x2B,
0x53, 0xF8, 0x28, 0xF8, 0x34, 0x34, 0xE0, 0xFF, 0xF8, 0x00, 0x00, 0xFF, 0xFF, 0x28, 0x28, 0xF8,
0x28, 0xF8, 0x00, 0x00, 0x00, 0x28, 0xF8, 0x28, 0xF8, 0x00, 0x00, 0x00, 0x28, 0xF8, 0x28, 0xF8,
0x00, 0x00, 0x00, 0x28, 0xF8, 0x28, 0xF8, 0x00, 0x00, 0x00, 0x28, 0xF8, 0x00, 0x06, 0xC7, 0x38,
0xC5, 0x00, 0x00, 0x00, 0x00, 0x08, 0xF8, 0x00, 0x00, 0x00, 0x28, 0xF8, 0x00, 0x00, 0x00, 0x28,
0xF8, 0x28, 0xF8, 0x00, 0x00, 0x00, 0x28, 0xF8, 0x28, 0xF8, 0x01, 0x26, 0x00, 0x28, 0xF8, 0x28,
0xF8, 0x08, 0xF8, 0x00, 0x28, 0xF8, 0x28, 0xF9, 0x3A, 0xF9, 0x32, 0x28, 0xF8, 0x00, 0x08, 0xF8,
0x08, 0xF8, 0x00, 0x00, 0x28, 0xF8, 0x00, 0x00, 0x00, 0x28, 0xF8, 0x08, 0x3A, 0xF8, 0x08, 0xF8,
0x08, 0x32, 0x00, 0x00, 0x08, 0xF8, 0x00, 0x00, 0x00, 0x00, 0x00, 0x01, 0x2E, 0x00, 0x00, 0x00,
0x08, 0x38, 0xC5, 0x06, 0xC5, 0x08, 0x32, 0x28, 0xF8, 0x00, 0x00, 0x00, 0x28, 0xF8, 0x28, 0xF8,
0x00, 0x00, 0x00, 0x28, 0xF8, 0x28, 0xF8, 0x00, 0x00, 0x00, 0x28, 0xF8, 0x28, 0xF8, 0x00, 0x00,
0x2B, 0x53, 0xF8, 0x28, 0xF8, 0xFF, 0xFF, 0xFF, 0xFF, 0xF8, 0x00, 0x00, 0x30, 0x30, 0x07, 0x28,
0xF8, 0x08, 0x34, 0x34, 0x34, 0x34, 0x53, 0xF8, 0x28, 0xFF, 0xFF, 0xFF, 0xFF, 0xD8, 0x00, 0xFF,
0xFF, 0xFF, 0xFF, 0xFF, 0xFF, 0x34, 0x34, 0x34, 0x53, 0xF9, 0x34, 0x00, 0x08, 0xF8, 0x10, 0x64,
0x00, 0x10, 0x66, 0x2E, 0x00, 0x00, 0x00, 0x53, 0xF9, 0x34, 0x34, 0x34, 0x34, 0xFF, 0xFF, 0xFF,
0xFF, 0xFF, 0xFF, 0x00, 0x00, 0x00, 0xE8, 0xFF, 0xFF, 0x18, 0x00, 0x08, 0xF8, 0x2F, 0x34, 0x34,
0x04, 0x00, 0x08, 0xF8, 0x00, 0x00, 0x00, 0x00, 0x28, 0xF8, 0x00, 0x00, 0x00, 0x00, 0x00, 0x07,
0x2F, 0x26, 0x00, 0x00, 0x00, 0x00, 0x00, 0x08, 0xF8, 0x00, 0x00, 0x00, 0x00, 0x00, 0x06, 0xC5,
0x2F, 0x34, 0x34, 0x04, 0x00, 0x00, 0x00, 0xE8, 0xFF, 0xFF, 0x18, 0x28, 0xF8, 0x28, 0xF8, 0x28,
0xF8, 0x28, 0xF8, 0x28, 0xF8, 0x28, 0xF8, 0x28, 0xF8, 0x28, 0xF8, 0xFF, 0xFF, 0xFF, 0x00, 0x00,
0x00, 0x34, 0x34, 0x34, 0x28, 0xF8, 0x00, 0x00, 0x00, 0x00, 0x28, 0xF8, 0x00, 0x00, 0x00, 0x00,
0x00, 0x08, 0xF8, 0x00, 0x00, 0x00, 0x06, 0x28, 0x2E, 0x00, 0x00, 0x00, 0x28, 0xF8, 0x00, 0x34,
0x34, 0x34, 0x1F, 0xC5, 0x00, 0xFF, 0xFF, 0xFF, 0x00, 0x00, 0x00, 0x00, 0x03, 0xFC, 0xFF, 0x2B,
0x28, 0xF4, 0x28, 0xF8, 0x00, 0xFF, 0xFF, 0x28, 0x00, 0x07, 0x2E, 0x00, 0x30, 0x30, 0x07, 0x00,
0x08, 0x32, 0x28, 0xF8, 0x00, 0x00, 0x28, 0xF8, 0x28, 0xF8, 0x28, 0xF8, 0x28, 0xF8, 0x28, 0xF8,
0x28, 0xF8, 0x00, 0x00, 0x28, 0xF8, 0x00, 0x00, 0x00, 0x00, 0x00, 0xFF, 0xFF, 0xFF, 0x00, 0x00,
0x28, 0xF8, 0x28, 0xF8, 0x00, 0x28, 0xF8, 0x28, 0xF8, 0x28, 0xF8, 0x00, 0x08, 0x32, 0x28, 0xF8,
0x28, 0xF8, 0x00, 0x28, 0xF8, 0x07, 0x2E, 0x28, 0xF8, 0x00, 0x07, 0x2E, 0x00, 0x00, 0xFF, 0xFF,
0xFF, 0x00, 0x00, 0x00, 0x00, 0x50, 0xF9, 0x30, 0x00, 0x00, 0x00, 0x00, 0xFF, 0xFF, 0x28, 0x00,
0x28, 0xF8, 0x34, 0x34, 0x30, 0xF8, 0xFF, 0xFF, 0xFF, 0x00, 0x00, 0x00, 0x53, 0xF9, 0x34, 0x00,
0x00, 0x00, 0x28, 0xF8, 0x00, 0x00, 0x00, 0x00, 0x28, 0xF8, 0x00, 0x00, 0x00, 0x00, 0x53, 0xF9,
0x34, 0x34, 0x34, 0x32, 0xFF, 0xFF, 0xFF, 0xFF, 0xFF, 0xF8, 0x28, 0xF8, 0x00, 0x00, 0x00, 0x28,
0xF8, 0x00, 0x08, 0xFF, 0xFF, 0xF8, 0x00, 0x00, 0x00, 0x08, 0xF9, 0x53, 0xF8, 0x00, 0x00, 0x00,
0x08, 0xFF, 0xFF, 0xF8, 0x00, 0x00, 0x00, 0x01, 0x30, 0x30, 0x2E, 0x00, 0x00, 0x28, 0xF8, 0x00,
0x00, 0x00, 0x28, 0xF8, 0x07, 0x2E, 0x00, 0x00, 0x00, 0x07, 0x2E, 0x28, 0xF8, 0x00, 0x00, 0x00,
0x28, 0xF8, 0x28, 0xF8, 0x00, 0x00, 0x00, 0x28, 0xF8, 0x06, 0x2E, 0xF8, 0x08, 0xF8, 0x06, 0x26,
0x28, 0xFF, 0xFF, 0xFF, 0xFF, 0xFF, 0xF8, 0x08, 0x34, 0x3A, 0xF9, 0x34, 0x34, 0x32, 0x00, 0x00,
0x08, 0xF8, 0x00, 0x00, 0x00, 0x28, 0xFF, 0xFF, 0xFF, 0xFF, 0xFF, 0xF8, 0x07, 0x30, 0x36, 0xF9,
0x30, 0x30, 0x2E, 0x28, 0xF8, 0x28, 0xF8, 0x28, 0xF8, 0x00, 0x00, 0x28, 0xF8, 0x28, 0xF8, 0x28,
0xF8, 0x28, 0xF8, 0x00, 0x00, 0xFF, 0xFF, 0xFF, 0xFF, 0xF8, 0x28, 0xF8, 0x34, 0x34, 0x34, 0x34,
0x32, 0x00, 0x00, 0xFF, 0xFF, 0xFF, 0x00, 0x00, 0x28, 0xF8, 0x34, 0x34, 0x34, 0x28, 0xF8, 0x00,
0x00, 0xFF, 0xFF, 0xFF, 0x00, 0x00, 0x00, 0x00, 0x30, 0x30, 0x30, 0x00, 0x00, 0x08, 0x34, 0x34,
0x34, 0x34, 0x1F, 0xC5, 0x28, 0xFF, 0xFF, 0xFF, 0xFF, 0x00, 0x00, 0x00, 0x03, 0x00, 0x03, 0x28,
0xF8, 0x28, 0xF8, 0x07, 0x2E, 0x07, 0x2E, 0x00, 0x00, 0xFF, 0xFF, 0xFF, 0xFF, 0xFF, 0x00, 0x28,
0xF8, 0x00, 0x00, 0x00, 0x00, 0x00, 0xF8, 0x28, 0xF8, 0x28, 0xFF, 0xFF, 0x7C, 0x00, 0xF8, 0x28,
0xF8, 0x28, 0xF9, 0x30, 0x17, 0x00, 0xF8, 0x28, 0xF8, 0x28, 0xF8, 0x00, 0x00, 0x00, 0xF8, 0x28,
0xF8, 0x28, 0xFF, 0xFF, 0x7C, 0x00, 0xF8, 0x27, 0xF4, 0x0B, 0x34, 0x34, 0x1B, 0x04, 0xF4, 0x00,
0x00, 0xFF, 0xFF, 0xFF, 0xFF, 0xFF, 0x00, 0x00, 0x00, 0x30, 0x30, 0x30, 0x30, 0x30, 0x00, 0x0A,
0x49, 0xFF, 0xFF, 0xF8, 0x28, 0xF9, 0x24, 0x46, 0xF8, 0x28, 0xF8, 0x07, 0xF9, 0xF8, 0x00, 0x0B,
0xF4, 0x2B, 0xF8, 0x00, 0x01, 0x2A, 0x06, 0x2A, 0x00, 0x00, 0x08, 0xF8, 0x00, 0x00, 0x00, 0x08,
0xF8, 0x28, 0xFF, 0xF8, 0x28, 0xF9, 0x32, 0x10, 0xFF, 0x32, 0x00, 0x08, 0xF8, 0x28, 0xFF, 0xF8,
0x00, 0x01, 0x2E, 0x07, 0x30, 0x2E, 0x00, 0x00, 0x08, 0xF8, 0x00, 0x00, 0x00, 0x00, 0x01, 0x2E,
0x00, 0x00, 0x02, 0x04, 0x04, 0x04, 0x04, 0x03, 0xA8, 0xFF, 0xFF, 0xFF, 0xFF, 0xF8, 0x1F, 0x30,
0x30, 0x30, 0x50, 0xF8, 0x00, 0x00, 0x00, 0x00, 0x0F, 0x5D, 0x04, 0x04, 0x04, 0x04, 0x04, 0x04,
0xFF, 0xFF, 0xFF, 0xFF, 0xFF, 0xFF, 0x30, 0x30, 0x30, 0x30, 0x30, 0x30, 0x00, 0x00, 0xFF, 0xFF,
0xFF, 0xFF, 0xFF, 0x00, 0x28, 0xF8, 0x00, 0x00, 0x00, 0x00, 0x00, 0xF8, 0x28, 0xF8, 0x28, 0xFF,
0xFF, 0x7C, 0x00, 0xF8, 0x28, 0xF8, 0x28, 0xF9, 0x30, 0x17, 0x00, 0xF8, 0x28, 0xF8, 0x28, 0xF8,
0x00, 0x00, 0x00, 0xF8, 0x28, 0xF8, 0x1C, 0xB2, 0x00, 0x00, 0x00, 0xF8, 0x27, 0xF4, 0x04, 0x04,
0x04, 0x04, 0x04, 0xF4, 0x00, 0x00, 0xFF, 0xFF, 0xFF, 0xFF, 0xFF, 0x00, 0x00, 0x00, 0x30, 0x30,
0x30, 0x30, 0x30, 0x00, 0x04, 0x04, 0x04, 0x04, 0x04, 0x04, 0xFF, 0xFF, 0xFF, 0xFF, 0xFF, 0xFF,
0x30, 0x30, 0x30, 0x30, 0x30, 0x30, 0x00, 0x08, 0xF8, 0x00, 0x00, 0x27, 0xF4, 0x03, 0xE4, 0x17,
0x00, 0x08, 0xF8, 0x00, 0x00, 0x00, 0x01, 0x2E, 0x00, 0x00, 0x00, 0x28, 0xF8, 0x00, 0x00, 0x00,
0x00, 0x28, 0xF8, 0x00, 0x00, 0x00, 0xFF, 0xFF, 0xFF, 0xFF, 0xFF, 0xFF, 0x34, 0x53, 0xF9, 0x34,
0x34, 0x34, 0x00, 0x28, 0xF8, 0x00, 0x00, 0x00, 0x00, 0x28, 0xF8, 0x00, 0x00, 0x00, 0x34, 0x34,
0x34, 0x34, 0x34, 0x34, 0xFF, 0xFF, 0xFF, 0xFF, 0xFF, 0xFF, 0x28, 0xFF, 0xFF, 0xFF, 0xFF, 0x60,
0x00, 0x05, 0x24, 0x24, 0x24, 0x24, 0x34, 0xF0, 0x00, 0x00, 0x00, 0x00, 0x00, 0x06, 0x26, 0x0B,
0x49, 0x64, 0x64, 0x64, 0x25, 0x00, 0x28, 0xF9, 0x24, 0x24, 0x24, 0x24, 0x22, 0x28, 0xFF, 0xFF,
0xFF, 0xFF, 0xFF, 0xF8, 0x00, 0x00, 0xFF, 0xFF, 0xFF, 0x60, 0x00, 0x26, 0xF0, 0x24, 0x24, 0x24,
0x34, 0xF0, 0x06, 0x26, 0x00, 0x00, 0x00, 0x06, 0x26, 0x00, 0x00, 0x00, 0xD9, 0xF8, 0x5D, 0x00,
0x21, 0xD1, 0x24, 0x27, 0x28, 0x30, 0xD1, 0x00, 0x00, 0xFF, 0xFF, 0xFF, 0x60, 0x00, 0x00, 0x0B,
0xF4, 0x28, 0xF8, 0x00, 0x07, 0x2E, 0x00, 0x28, 0xF8, 0x00, 0x00, 0x00, 0x28, 0xF8, 0x00, 0x28,
0xF8, 0x00, 0x00, 0x00, 0x28, 0xF8, 0x00, 0x28, 0xF8, 0x00, 0x00, 0x00, 0x28, 0xF8, 0x00, 0x28,
0xFF, 0xFF, 0xFF, 0xFF, 0xFF, 0xFF, 0xF8, 0x28, 0xF9, 0x30, 0x30, 0x30, 0x28, 0x01, 0x2E, 0x28,
0xF8, 0x00, 0x00, 0x00, 0x00, 0x00, 0x00, 0x28, 0xF8, 0x00, 0x00, 0x00, 0x00, 0x00, 0x00, 0x00,
0xFF, 0xFF, 0xFF, 0xFF, 0xFF, 0xFF, 0xFF, 0xFF, 0xF9, 0x34, 0x53, 0xF9, 0x34, 0xFF, 0xFF, 0xF8,
0x00, 0x28, 0xF8, 0x00, 0xFF, 0xFF, 0xF8, 0x00, 0x28, 0xF8, 0x00, 0xFF, 0xFF, 0xF8, 0x00, 0x28,
0xF8, 0x00, 0x00, 0xFC, 0xF8, 0x00, 0x28, 0xF8, 0x00, 0x00, 0x28, 0xF8, 0x00, 0x28, 0xF8, 0x00,
0x00, 0x28, 0xF8, 0x00, 0x28, 0xF8, 0x00, 0x00, 0x03, 0x28, 0xF8, 0x07, 0x2E, 0x04, 0x04, 0x04,
0x27, 0xF4, 0xFF, 0xFF, 0xFF, 0x00, 0x00, 0x30, 0x30, 0x30, 0x00, 0x00, 0x00, 0x28, 0xF8, 0x00,
0x00, 0x00, 0x13, 0xF9, 0xF8, 0x00, 0x00, 0x00, 0x03, 0x49, 0xF8, 0x00, 0x00, 0x00, 0x00, 0x28,
0xF8, 0x00, 0x00, 0x00, 0x24, 0x46, 0xF9, 0x24, 0x24, 0x16, 0xFF, 0xFF, 0xFF, 0xFF, 0xFF, 0xA0,
0x00, 0x00, 0xFF, 0xFF, 0x40, 0x28, 0xF8, 0x24, 0x24, 0xC1, 0x28, 0xF8, 0x00, 0x00, 0xB8, 0x00,
0x03, 0xFC, 0xFC, 0x41, 0x00, 0x00, 0x2C, 0x2C, 0x0B, 0x28, 0xF8, 0x00, 0x08, 0xF8, 0x00, 0x00,
0x08, 0xF8, 0x28, 0xFF, 0xF8, 0x00, 0x01, 0x3A, 0xFF, 0x34, 0x32, 0x00, 0x08, 0xF8, 0x28, 0xFF,
0xF8, 0x00, 0x01, 0x2E, 0x07, 0x30, 0x2E, 0x28, 0xF8, 0x00, 0x08, 0xF8, 0x00, 0x07, 0x2E, 0x00,
0x01, 0x2E, 0x00, 0x00, 0x08, 0xF8, 0x28, 0xFF, 0xF8, 0x00, 0x28, 0xFF, 0xF8, 0x08, 0xF8, 0x00,
0x00, 0x08, 0x3A, 0xF8, 0x08, 0xF8, 0x00, 0x00, 0x00, 0x00, 0x08, 0xF8, 0x00, 0x00, 0x00, 0x00,
0x01, 0x2C, 0x2F, 0x2A, 0x01, 0x2A, 0x00, 0x08, 0xF8, 0x08, 0xF8, 0x08, 0xF8, 0x00, 0x0B, 0xF4,
0x07, 0xFC, 0xFC, 0xF4, 0x28, 0xF8, 0x00, 0x00, 0x00, 0x00, 0x00, 0x07, 0x2E, 0x00, 0x00, 0x00,
0x00, 0x00, 0x00, 0x08, 0xF8, 0x00, 0x00, 0x28, 0xF8, 0x28, 0xFF, 0xF8, 0x08, 0xF8, 0x00, 0x00,
0x08, 0x3A, 0xF8, 0x08, 0xF8, 0x00, 0x00, 0x00, 0x01, 0x2D, 0xD2, 0x26, 0x00, 0x00, 0x00, 0x01,
0x2E, 0xF9, 0x28, 0x28, 0x26, 0x00, 0x08, 0xFF, 0xFF, 0xFF, 0xFF, 0xF8, 0x00, 0x0B, 0xFC, 0xFF,
0xF8, 0x10, 0x0F, 0x28, 0xF8, 0x08, 0xFF, 0xFF, 0xFF, 0xF8, 0x07, 0x2E, 0x01, 0x30, 0x30, 0x30,
0x2E, 0x28, 0xFF, 0xFF, 0xF8, 0x00, 0x28, 0xF8, 0x01, 0x08, 0xFF, 0xFF, 0xF8, 0x01, 0x07, 0x28,
0xFF, 0xFF, 0xFF, 0xFF, 0x00, 0x00, 0x07, 0x30, 0x50, 0xF9, 0x30, 0x00, 0x00, 0x00, 0x00, 0xD7,
0xF8, 0x00, 0xD0, 0xC9, 0x00, 0x00, 0xFF, 0xF8, 0x00, 0xFF, 0xF8, 0x00, 0x03, 0xFC, 0xFC, 0xFC,
0xFC, 0xF8, 0x28, 0xF8, 0x00, 0x00, 0x00, 0x28, 0xF8, 0x07, 0x2E, 0x00, 0x00, 0x00, 0x07, 0x2E,
0x00, 0x00, 0x01, 0x32, 0x00, 0x00, 0x00, 0x00, 0x00, 0x08, 0xF8, 0x00, 0x00, 0x00, 0x00, 0x00,
0x00, 0x00, 0x00, 0x00, 0x00, 0x00, 0x00, 0x08, 0xF8, 0x00, 0x00, 0x00, 0x00, 0x08, 0xF9, 0x32,
0x00, 0x00, 0x00, 0x0E, 0x5A, 0x2E, 0x00, 0x00, 0x00, 0x00, 0x28, 0xF8, 0x00, 0x00, 0x00, 0x00,
0x00, 0x1F, 0xC7, 0x34, 0x34, 0x32, 0x1F, 0xC5, 0x00, 0x08, 0xFF, 0xFF, 0xF8, 0x00, 0x00, 0x00,
0x08, 0xF8, 0x00, 0x00, 0x00, 0x00, 0x00, 0x00, 0x00, 0x00, 0x00, 0x00, 0x00, 0x00, 0x00, 0x08,
0xF8, 0x00, 0x00, 0x00, 0x00, 0x00, 0x01, 0x2E, 0x00, 0x00, 0x00, 0x00, 0x00, 0x00, 0x00, 0x00,
0x00, 0x00, 0x00, 0x00, 0x08, 0xF8, 0x00, 0x00, 0x00, 0x00, 0x08, 0xF9, 0x3A, 0xF8, 0x00, 0x00,
0x28, 0xF8, 0x00, 0x00, 0x00, 0x28, 0xF8, 0x28, 0xF8, 0x00, 0x00, 0x00, 0x28, 0xF8, 0x28, 0xFF,
0xFF, 0xFF, 0xFF, 0xFF, 0xF8, 0x28, 0xF9, 0x30, 0x30, 0x30, 0x50, 0xF8, 0x28, 0xF8, 0x00, 0x00,
0x00, 0x28, 0xF8, 0x28, 0xF8, 0x00, 0x00, 0x00, 0x28, 0xF8, 0x00, 0x00, 0x00, 0x08, 0xF8, 0x00,
0x00, 0x00, 0x00, 0x00, 0x00, 0x00, 0x00, 0x00, 0x00, 0x00, 0x08, 0xF8, 0x00, 0x00, 0x00, 0x00,
0x00, 0x01, 0x2E, 0x00, 0x00, 0x00, 0x00, 0x00, 0x00, 0x00, 0x00, 0x00, 0x00, 0x00, 0x00, 0x08,
0xF8, 0x00, 0x00, 0x00, 0x00, 0x08, 0xF9, 0x3A, 0xF8, 0x00, 0x00, 0x28, 0xF8, 0x00, 0x00, 0x00,
0x28, 0xF8, 0x28, 0xF8, 0x00, 0x00, 0x00, 0x28, 0xF8, 0x28, 0xFF, 0xFF, 0xFF, 0xFF, 0xFF, 0xF8,
0x28, 0xF9, 0x30, 0x30, 0x30, 0x50, 0xF8, 0x28, 0xF8, 0x00, 0x00, 0x00, 0x28, 0xF8, 0x28, 0xF8,
0x00, 0x00, 0x00, 0x28, 0xF8, 0x00, 0x00, 0x08, 0xF8, 0x00, 0x00, 0x00, 0x00, 0x00, 0x00, 0x00,
0x00, 0x00, 0x00, 0x00, 0x08, 0xF8, 0x08, 0xF8, 0x00, 0x00, 0x00, 0x01, 0x2E, 0x01, 0x2E, 0x00,
0x00, 0x00, 0x00, 0x00, 0x00, 0x00, 0x00, 0x00, 0x00, 0x00, 0x08, 0xF8, 0x00, 0x00, 0x00, 0x00,
0x08, 0xF9, 0x3A, 0xF8, 0x00, 0x00, 0x28, 0xF8, 0x00, 0x00, 0x00, 0x28, 0xF8, 0x28, 0xF8, 0x00,
0x00, 0x00, 0x28, 0xF8, 0x28, 0xFF, 0xFF, 0xFF, 0xFF, 0xFF, 0xF8, 0x28, 0xF9, 0x30, 0x30, 0x30,
0x50, 0xF8, 0x28, 0xF8, 0x00, 0x00, 0x00, 0x28, 0xF8, 0x28, 0xF8, 0x00, 0x00, 0x00, 0x28, 0xF8,
0x00, 0x00, 0x00, 0x00, 0x00, 0x04, 0x1B, 0x00, 0x08, 0xFF, 0xF8, 0x00, 0x28, 0xF8, 0x28, 0xF8,
0x08, 0xFF, 0xF8, 0x03, 0x17, 0x07, 0x2E, 0x01, 0x30, 0x2E, 0x00, 0x00, 0x00, 0x00, 0x00, 0x00,
0x00, 0x00, 0x00, 0x00, 0x00, 0x08, 0xF8, 0x00, 0x00, 0x00, 0x00, 0x08, 0xF9, 0x3A, 0xF8, 0x00,
0x00, 0x28, 0xF8, 0x00, 0x00, 0x00, 0x28, 0xF8, 0x28, 0xF8, 0x00, 0x00, 0x00, 0x28, 0xF8, 0x28,
0xFF, 0xFF, 0xFF, 0xFF, 0xFF, 0xF8, 0x28, 0xF9, 0x30, 0x30, 0x30, 0x50, 0xF8, 0x28, 0xF8, 0x00,
0x00, 0x00, 0x28, 0xF8, 0x28, 0xF8, 0x00, 0x00, 0x00, 0x28, 0xF8, 0x00, 0x08, 0xF8, 0x08, 0xF8,
0x00, 0x00, 0x00, 0x01, 0x2E, 0x01, 0x2E, 0x00, 0x00, 0x00, 0x00, 0x00, 0x00, 0x00, 0x00, 0x00,
0x00, 0x00, 0x08, 0xF8, 0x00, 0x00, 0x00, 0x00, 0x08, 0xF9, 0x3A, 0xF8, 0x00, 0x00, 0x28, 0xF8,
0x00, 0x00, 0x00, 0x28, 0xF8, 0x28, 0xF8, 0x00, 0x00, 0x00, 0x28, 0xF8, 0x28, 0xFF, 0xFF, 0xFF,
0xFF, 0xFF, 0xF8, 0x28, 0xF9, 0x30, 0x30, 0x30, 0x50, 0xF8, 0x28, 0xF8, 0x00, 0x00, 0x00, 0x28,
0xF8, 0x28, 0xF8, 0x00, 0x00, 0x00, 0x28, 0xF8, 0x00, 0x00, 0x08, 0xF8, 0x00, 0x00, 0x00, 0x00,
0x00, 0x00, 0x00, 0x00, 0x00, 0x00, 0x00, 0x08, 0xF8, 0x08, 0xF8, 0x00, 0x00, 0x00, 0x00, 0x08,
0xF8, 0x00, 0x00, 0x00, 0x00, 0x00, 0x01, 0x2E, 0x00, 0x00, 0x00, 0x00, 0x00, 0x00, 0x00, 0x00,
0x00, 0x00, 0x00, 0x00, 0x08, 0xF8, 0x00, 0x00, 0x00, 0x00, 0x08, 0xF9, 0x3A, 0xF8, 0x00, 0x00,
0x28, 0xF8, 0x00, 0x00, 0x00, 0x28, 0xF8, 0x28, 0xF8, 0x00, 0x00, 0x00, 0x28, 0xF8, 0x28, 0xFF,
0xFF, 0xFF, 0xFF, 0xFF, 0xF8, 0x28, 0xF9, 0x30, 0x30, 0x30, 0x50, 0xF8, 0x28, 0xF8, 0x00, 0x00,
0x00, 0x28, 0xF8, 0x28, 0xF8, 0x00, 0x00, 0x00, 0x28, 0xF8, 0x00, 0x00, 0x08, 0xF8, 0x00, 0x28,
0xFF, 0xFF, 0xFF, 0xFF, 0xFF, 0xD8, 0x00, 0x08, 0xF9, 0x3A, 0xFF, 0xFF, 0xF9, 0x34, 0x34, 0x34,
0x34, 0x2B, 0x28, 0xF8, 0x00, 0x00, 0x00, 0x28, 0xF8, 0x00, 0x00, 0x00, 0x00, 0x00, 0x28, 0xF8,
0x00, 0x00, 0x00, 0x28, 0xFF, 0xFF, 0xFF, 0xFF, 0xFF, 0xD8, 0x28, 0xFF, 0xFF, 0xFF, 0xFF, 0xFF,
0xF8, 0x00, 0x00, 0x00, 0x00, 0x00, 0x28, 0xF9, 0x30, 0x30, 0x30, 0x50, 0xF8, 0x00, 0x00, 0x00,
0x00, 0x00, 0x28, 0xF8, 0x00, 0x00, 0x00, 0x28, 0xF9, 0x34, 0x34, 0x34, 0x34, 0x2B, 0x28, 0xF8,
0x00, 0x00, 0x00, 0x28, 0xFF, 0xFF, 0xFF, 0xFF, 0xFF, 0xD8, 0x00, 0x00, 0xFF, 0xFF, 0xFF, 0x00,
0x00, 0x28, 0xF8, 0x34, 0x34, 0x34, 0x28, 0xF8, 0x28, 0xF8, 0x00, 0x00, 0x00, 0x07, 0x2E, 0x28,
0xF8, 0x00, 0x00, 0x00, 0x00, 0x00, 0x28, 0xF8, 0x00, 0x00, 0x00, 0x00, 0x00, 0x28, 0xF8, 0x00,
0x00, 0x00, 0x28, 0xF8, 0x07, 0x2E, 0x34, 0x34, 0x34, 0x07, 0x2E, 0x00, 0x00, 0xFF, 0xFF, 0xFF,
0x00, 0x00, 0x00, 0x00, 0x00, 0xF8, 0x00, 0x00, 0x00, 0x28, 0xFF, 0xFF, 0x00, 0x00, 0x00, 0x00,
0x07, 0x30, 0x30, 0x00, 0x00, 0x00, 0x00, 0x00, 0x08, 0xF8, 0x00, 0x00, 0x00, 0x00, 0x00, 0x00,
0x00, 0x00, 0x00, 0x00, 0x00, 0x00, 0x00, 0x00, 0xE8, 0x18, 0x00, 0x00, 0x00, 0x00, 0x00, 0x2B,
0x04, 0x00, 0x00, 0x00, 0x00, 0x00, 0x00, 0x00, 0x00, 0x00, 0x28, 0xFF, 0xFF, 0xFF, 0xFF, 0xFF,
0x58, 0x28, 0xF9, 0x34, 0x34, 0x34, 0x34, 0x11, 0x28, 0xF8, 0x00, 0x00, 0x00, 0x00, 0x00, 0x28,
0xFF, 0xFF, 0xFF, 0xFF, 0xFF, 0x58, 0x28, 0xF9, 0x30, 0x30, 0x30, 0x30, 0x10, 0x28, 0xF8, 0x00,
0x00, 0x00, 0x00, 0x00, 0x28, 0xF9, 0x34, 0x34, 0x34, 0x34, 0x11, 0x28, 0xFF, 0xFF, 0xFF, 0xFF,
0xFF, 0x58, 0x00, 0x00, 0x00, 0x08, 0xF8, 0x00, 0x00, 0x00, 0x00, 0x00, 0x00, 0x00, 0x00, 0x00,
0x00, 0x00, 0x28, 0xF8, 0x00, 0x00, 0x00, 0x00, 0x00, 0x07, 0x2E, 0x00, 0x00, 0x00, 0x00, 0x00,
0x00, 0x00, 0x00, 0x00, 0x00, 0x28, 0xFF, 0xFF, 0xFF, 0xFF, 0xFF, 0x18, 0x28, 0xF9, 0x34, 0x34,
0x34, 0x34, 0x04, 0x28, 0xF8, 0x00, 0x00, 0x00, 0x00, 0x00, 0x28, 0xFF, 0xFF, 0xFF, 0xFF, 0xFF,
0x18, 0x28, 0xF9, 0x30, 0x30, 0x30, 0x30, 0x04, 0x28, 0xF8, 0x00, 0x00, 0x00, 0x00, 0x00, 0x28,
0xF9, 0x34, 0x34, 0x34, 0x34, 0x04, 0x28, 0xFF, 0xFF, 0xFF, 0xFF, 0xFF, 0x18, 0x00, 0x00, 0x08,
0xF8, 0x00, 0x00, 0x00, 0x00, 0x00, 0x00, 0x00, 0x00, 0x00, 0x00, 0x00, 0x08, 0xF8, 0x08, 0xF8,
0x00, 0x00, 0x00, 0x01, 0x2E, 0x01, 0x2E, 0x00, 0x00, 0x00, 0x00, 0x00, 0x00, 0x00, 0x00, 0x00,
0x28, 0xFF, 0xFF, 0xFF, 0xFF, 0xFF, 0x18, 0x28, 0xF9, 0x34, 0x34, 0x34, 0x34, 0x04, 0x28, 0xF8,
0x00, 0x00, 0x00, 0x00, 0x00, 0x28, 0xFF, 0xFF, 0xFF, 0xFF, 0xFF, 0x18, 0x28, 0xF9, 0x30, 0x30,
0x30, 0x30, 0x04, 0x28, 0xF8, 0x00, 0x00, 0x00, 0x00, 0x00, 0x28, 0xF9, 0x34, 0x34, 0x34, 0x34,
0x04, 0x28, 0xFF, 0xFF, 0xFF, 0xFF, 0xFF, 0x18, 0x00, 0x08, 0xF8, 0x28, 0xF8, 0x00, 0x00, 0x00,
0x01, 0x2E, 0x07, 0x2E, 0x00, 0x00, 0x00, 0x00, 0x00, 0x00, 0x00, 0x00, 0x00, 0x28, 0xFF, 0xFF,
0xFF, 0xFF, 0xFF, 0x18, 0x28, 0xF9, 0x34, 0x34, 0x34, 0x34, 0x04, 0x28, 0xF8, 0x00, 0x00, 0x00,
0x00, 0x00, 0x28, 0xFF, 0xFF, 0xFF, 0xFF, 0xFF, 0x18, 0x28, 0xF9, 0x30, 0x30, 0x30, 0x30, 0x04,
0x28, 0xF8, 0x00, 0x00, 0x00, 0x00, 0x00, 0x28, 0xF9, 0x34, 0x34, 0x34, 0x34, 0x04, 0x28, 0xFF,
0xFF, 0xFF, 0xFF, 0xFF, 0x18, 0x28, 0xF8, 0x00, 0x00, 0x00, 0x00, 0x00, 0x00, 0x00, 0x08, 0xF8,
0x00, 0x00, 0x01, 0x2E, 0x00, 0x00, 0x00, 0x00, 0x00, 0x28, 0xFF, 0xFF, 0xD8, 0x08, 0x3A, 0xF9,
0x2B, 0x00, 0x08, 0xF8, 0x00, 0x00, 0x08, 0xF8, 0x00, 0x00, 0x08, 0xF8, 0x00, 0x00, 0x08, 0xF8,
0x00, 0x08, 0x3A, 0xF9, 0x2B, 0x28, 0xFF, 0xFF, 0xD8, 0x00, 0x08, 0xF8, 0x00, 0x00, 0x00, 0x28,
0xF8, 0x00, 0x07, 0x2E, 0x00, 0x00, 0x00, 0x00, 0xFF, 0xFF, 0xF8, 0x53, 0xF9, 0x32, 0x28, 0xF8,
0x00, 0x28, 0xF8, 0x00, 0x28, 0xF8, 0x00, 0x28, 0xF8, 0x00, 0x53, 0xF9, 0x32, 0xFF, 0xFF, 0xF8,
0x00, 0x08, 0xF8, 0x00, 0x00, 0x00, 0x00, 0x00, 0x00, 0x00, 0x28, 0xF8, 0x00, 0xE8, 0x18, 0x07,
0x2E, 0x00, 0x2B, 0x04, 0x00, 0x00, 0x00, 0x00, 0x00, 0x28, 0xFF, 0xFF, 0xFF, 0x18, 0x08, 0x3A,
0xF9, 0x34, 0x04, 0x00, 0x08, 0xF8, 0x00, 0x00, 0x00, 0x08, 0xF8, 0x00, 0x00, 0x00, 0x08, 0xF8,
0x00, 0x00, 0x00, 0x08, 0xF8, 0x00, 0x00, 0x08, 0x3A, 0xF9, 0x34, 0x04, 0x28, 0xFF, 0xFF, 0xFF,
0x18, 0x28, 0xF8, 0x00, 0xE8, 0x18, 0x07, 0x2E, 0x00, 0x2B, 0x04, 0x00, 0x00, 0x00, 0x00, 0x00,
0x28, 0xFF, 0xFF, 0xFF, 0x18, 0x08, 0x3A, 0xF9, 0x34, 0x04, 0x00, 0x08, 0xF8, 0x00, 0x00, 0x00,
0x08, 0xF8, 0x00, 0x00, 0x00, 0x08, 0xF8, 0x00, 0x00, 0x00, 0x08, 0xF8, 0x00, 0x00, 0x08, 0x3A,
0xF9, 0x34, 0x04, 0x28, 0xFF, 0xFF, 0xFF, 0x18, 0x28, 0xFF, 0xFF, 0xFF, 0xFF, 0xD8, 0x00, 0x28,
0xF9, 0x34, 0x34, 0x34, 0x53, 0xF8, 0x28, 0xF8, 0x00, 0x00, 0x00, 0x28, 0xF8, 0xFF, 0xFF, 0xFF,
0x00, 0x00, 0x28, 0xF8, 0x50, 0xF9, 0x30, 0x00, 0x00, 0x28, 0xF8, 0x28, 0xF8, 0x00, 0x00, 0x00,
0x28, 0xF8, 0x28, 0xF9, 0x34, 0x34, 0x34, 0x4B, 0xC5, 0x28, 0xFF, 0xFF, 0xFF, 0xFF, 0xD8, 0x00,
0x00, 0x00, 0x00, 0x00, 0x00, 0x04, 0x1B, 0x00, 0x00, 0xFF, 0xFF, 0x28, 0x28, 0xF8, 0x28, 0xF8,
0x00, 0xF8, 0xFF, 0x33, 0x17, 0x07, 0x2E, 0x00, 0x2E, 0x30, 0x09, 0x00, 0x00, 0x00, 0x00, 0x00,
0x00, 0x00, 0x00, 0x28, 0xF8, 0x00, 0x00, 0x00, 0x28, 0xF8, 0x28, 0xFF, 0xFF, 0x08, 0x00, 0x28,
0xF8, 0x28, 0xF8, 0x00, 0xF8, 0x28, 0x28, 0xF8, 0x28, 0xF8, 0x00, 0x32, 0xE0, 0xFF, 0xF8, 0x28,
0xF8, 0x00, 0x00, 0x28, 0x50, 0xF8, 0x28, 0xF8, 0x00, 0x00, 0x00, 0x28, 0xF8, 0x28, 0xF8, 0x00,
0x00, 0x00, 0x28, 0xF8, 0x28, 0xF8, 0x00, 0x00, 0x00, 0x28, 0xF8, 0x00, 0x08, 0xF8, 0x00, 0x00,
0x00, 0x00, 0x00, 0x00, 0x00, 0x00, 0x00, 0x00, 0x00, 0x00, 0x00, 0x08, 0xF8, 0x00, 0x00, 0x00,
0x00, 0x00, 0x01, 0x2E, 0x00, 0x00, 0x00, 0x00, 0x00, 0x00, 0x00, 0x00, 0x00, 0x00, 0x00, 0x08,
0xFF, 0xFF, 0xF8, 0x00, 0x00, 0x28, 0xF9, 0x34, 0x34, 0x32, 0x28, 0xF8, 0x28, 0xF8, 0x00, 0x00,
0x00, 0x28, 0xF8, 0x28, 0xF8, 0x00, 0x00, 0x00, 0x28, 0xF8, 0x28, 0xF8, 0x00, 0x00, 0x00, 0x28,
0xF8, 0x28, 0xF8, 0x00, 0x00, 0x00, 0x28, 0xF8, 0x1F, 0xC7, 0x34, 0x34, 0x32, 0x1F, 0xC5, 0x00,
0x08, 0xFF, 0xFF, 0xF8, 0x00, 0x00, 0x00, 0x00, 0x00, 0x08, 0xFF, 0x00, 0x00, 0x00, 0x00, 0x00,
0x00, 0x00, 0x00, 0x00, 0x00, 0x00, 0x28, 0xF8, 0x00, 0x00, 0x00, 0x00, 0x00, 0x07, 0x2E, 0x00,
0x00, 0x00, 0x00, 0x00, 0x00, 0x00, 0x00, 0x00, 0x00, 0x00, 0x00, 0xFF, 0xFF, 0xFF, 0x00, 0x00,
0x28, 0xF8, 0x34, 0x34, 0x34, 0x28, 0xF8, 0x28, 0xF8, 0x00, 0x00, 0x00, 0x28, 0xF8, 0x28, 0xF8,
0x00, 0x00, 0x00, 0x28, 0xF8, 0x28, 0xF8, 0x00, 0x00, 0x00, 0x28, 0xF8, 0x28, 0xF8, 0x00, 0x00,
0x00, 0x28, 0xF8, 0x1F, 0xC5, 0x34, 0x34, 0x34, 0x1F, 0xC5, 0x00, 0x00, 0xFF, 0xFF, 0xFF, 0x00,
0x00, 0x00, 0x00, 0x08, 0xF8, 0x00, 0x00, 0x00, 0x00, 0x00, 0x00, 0x00, 0x00, 0x00, 0x00, 0x00,
0x08, 0xF8, 0x08, 0xF8, 0x00, 0x00, 0x00, 0x01, 0x2E, 0x01, 0x2E, 0x00, 0x00, 0x00, 0x00, 0x00,
0x00, 0x00, 0x00, 0x00, 0x00, 0x08, 0xFF, 0xFF, 0xF8, 0x00, 0x00, 0x28, 0xF9, 0x34, 0x34, 0x32,
0x28, 0xF8, 0x28, 0xF8, 0x00, 0x00, 0x00, 0x28, 0xF8, 0x28, 0xF8, 0x00, 0x00, 0x00, 0x28, 0xF8,
0x28, 0xF8, 0x00, 0x00, 0x00, 0x28, 0xF8, 0x28, 0xF8, 0x00, 0x00, 0x00, 0x28, 0xF8, 0x1F, 0xC7,
0x34, 0x34, 0x32, 0x1F, 0xC5, 0x00, 0x08, 0xFF, 0xFF, 0xF8, 0x00, 0x00, 0x00, 0x00, 0x00, 0x00,
0x00, 0x04, 0x1B, 0x00, 0x00, 0xFF, 0xFF, 0x28, 0x28, 0xF8, 0x28, 0xF8, 0x00, 0xFF, 0xFF, 0x2B,
0x17, 0x07, 0x2E, 0x00, 0x30, 0x30, 0x07, 0x00, 0x00, 0x00, 0x00, 0x00, 0x00, 0x00, 0x00, 0x00,
0x00, 0xFF, 0xFF, 0xFF, 0x28, 0x00, 0x28, 0xF8, 0x34, 0x34, 0x34, 0x30, 0xF8, 0x28, 0xF8, 0x00,
0x00, 0x00, 0x28, 0xF8, 0x28, 0xF8, 0x00, 0x00, 0x00, 0x28, 0xF8, 0x28, 0xF8, 0x00, 0x00, 0x00,
0x28, 0xF8, 0x28, 0xF8, 0x00, 0x00, 0x00, 0x28, 0xF8, 0x1F, 0xC5, 0x34, 0x34, 0x34, 0x28, 0xC5,
0x00, 0x00, 0xFF, 0xFF, 0xFF, 0x28, 0x00, 0x00, 0x08, 0xF8, 0x28, 0xF8, 0x00, 0x00, 0x00, 0x01,
0x2E, 0x07, 0x2E, 0x00, 0x00, 0x00, 0x00, 0x00, 0x00, 0x00, 0x00, 0x00, 0x00, 0x08, 0xFF, 0xFF,
0xF8, 0x00, 0x00, 0x28, 0xF9, 0x34, 0x34, 0x32, 0x28, 0xF8, 0x28, 0xF8, 0x00, 0x00, 0x00, 0x28,
0xF8, 0x28, 0xF8, 0x00, 0x00, 0x00, 0x28, 0xF8, 0x28, 0xF8, 0x00, 0x00, 0x00, 0x28, 0xF8, 0x28,
0xF8, 0x00, 0x00, 0x00, 0x28, 0xF8, 0x1F, 0xC7, 0x34, 0x34, 0x32, 0x1F, 0xC5, 0x00, 0x08, 0xFF,
0xFF, 0xF8, 0x00, 0x00, 0x28, 0xF8, 0x00, 0x00, 0x00, 0x28, 0xF8, 0x00, 0x08, 0xF8, 0x08, 0xF8,
0x00, 0x00, 0x00, 0x01, 0x3A, 0xF9, 0x32, 0x00, 0x00, 0x00, 0x08, 0xF8, 0x08, 0xF8, 0x00, 0x00,
0x00, 0x01, 0x2E, 0x01, 0x2E, 0x00, 0x00, 0x28, 0xF8, 0x00, 0x00, 0x00, 0x28, 0xF8, 0x07, 0x2E,
0x00, 0x00, 0x00, 0x07, 0x2E, 0x00, 0x00, 0xFF, 0xFF, 0xFF, 0x00, 0x00, 0x28, 0xF8, 0x34, 0x34,
0x34, 0xFF, 0xF8, 0x28, 0xF8, 0x00, 0x08, 0xFF, 0xFF, 0xF8, 0x28, 0xF8, 0x28, 0xF9, 0x34, 0x53,
0xF8, 0x28, 0xFF, 0xD8, 0x00, 0x00, 0x28, 0xF8, 0x28, 0xF9, 0x28, 0x00, 0x00, 0x28, 0xF8, 0x1F,
0xC5, 0x34, 0x34, 0x34, 0x1F, 0xC5, 0x00, 0x00, 0xFF, 0xFF, 0xFF, 0x00, 0x00, 0x00, 0x08, 0xF8,
0x00, 0x00, 0x00, 0x00, 0x00, 0x00, 0x00, 0x00, 0x00, 0x00, 0x00, 0x00, 0x00, 0x08, 0xF8, 0x00,
0x00, 0x00, 0x00, 0x00, 0x01, 0x2E, 0x00, 0x00, 0x00, 0x00, 0x00, 0x00, 0x00, 0x00, 0x00, 0x00,
0x28, 0xF8, 0x00, 0x00, 0x00, 0x28, 0xF8, 0x28, 0xF8, 0x00, 0x00, 0x00, 0x28, 0xF8, 0x28, 0xF8,
0x00, 0x00, 0x00, 0x28, 0xF8, 0x28, 0xF8, 0x00, 0x00, 0x00, 0x28, 0xF8, 0x28, 0xF8, 0x00, 0x00,
0x00, 0x28, 0xF8, 0x28, 0xF8, 0x00, 0x00, 0x00, 0x28, 0xF8, 0x28, 0xF9, 0x34, 0x34, 0x32, 0x28,
0xF8, 0x00, 0x08, 0xFF, 0xFF, 0xF8, 0x00, 0x00, 0x00, 0x00, 0x00, 0x08, 0xFF, 0x00, 0x00, 0x00,
0x00, 0x00, 0x00, 0x00, 0x00, 0x00, 0x00, 0x00, 0x28, 0xF8, 0x00, 0x00, 0x00, 0x00, 0x00, 0x07,
0x2E, 0x00, 0x00, 0x00, 0x00, 0x00, 0x00, 0x00, 0x00, 0x00, 0x00, 0x28, 0xF8, 0x00, 0x00, 0x00,
0x28, 0xF8, 0x28, 0xF8, 0x00, 0x00, 0x00, 0x28, 0xF8, 0x28, 0xF8, 0x00, 0x00, 0x00, 0x28, 0xF8,
0x28, 0xF8, 0x00, 0x00, 0x00, 0x28, 0xF8, 0x28, 0xF8, 0x00, 0x00, 0x00, 0x28, 0xF8, 0x28, 0xF8,
0x00, 0x00, 0x00, 0x28, 0xF8, 0x28, 0xF8, 0x34, 0x34, 0x34, 0x28, 0xF8, 0x00, 0x00, 0xFF, 0xFF,
0xFF, 0x00, 0x00, 0x00, 0x00, 0x08, 0xF8, 0x00, 0x00, 0x00, 0x00, 0x00, 0x00, 0x00, 0x00, 0x00,
0x00, 0x00, 0x08, 0xF8, 0x08, 0xF8, 0x00, 0x00, 0x00, 0x01, 0x2E, 0x01, 0x2E, 0x00, 0x00, 0x00,
0x00, 0x00, 0x00, 0x00, 0x00, 0x00, 0x28, 0xF8, 0x00, 0x00, 0x00, 0x28, 0xF8, 0x28, 0xF8, 0x00,
0x00, 0x00, 0x28, 0xF8, 0x28, 0xF8, 0x00, 0x00, 0x00, 0x28, 0xF8, 0x28, 0xF8, 0x00, 0x00, 0x00,
0x28, 0xF8, 0x28, 0xF8, 0x00, 0x00, 0x00, 0x28, 0xF8, 0x28, 0xF8, 0x00, 0x00, 0x00, 0x28, 0xF8,
0x28, 0xF9, 0x34, 0x34, 0x32, 0x28, 0xF8, 0x00, 0x08, 0xFF, 0xFF, 0xF8, 0x00, 0x00, 0x00, 0x08,
0xF8, 0x28, 0xF8, 0x00, 0x00, 0x00, 0x01, 0x2E, 0x07, 0x2E, 0x00, 0x00, 0x00, 0x00, 0x00, 0x00,
0x00, 0x00, 0x00, 0x28, 0xF8, 0x00, 0x00, 0x00, 0x28, 0xF8, 0x28, 0xF8, 0x00, 0x00, 0x00, 0x28,
0xF8, 0x28, 0xF8, 0x00, 0x00, 0x00, 0x28, 0xF8, 0x28, 0xF8, 0x00, 0x00, 0x00, 0x28, 0xF8, 0x28,
0xF8, 0x00, 0x00, 0x00, 0x28, 0xF8, 0x28, 0xF8, 0x00, 0x00, 0x00, 0x28, 0xF8, 0x28, 0xF9, 0x34,
0x34, 0x32, 0x28, 0xF8, 0x00, 0x08, 0xFF, 0xFF, 0xF8, 0x00, 0x00, 0x00, 0x00, 0x00, 0x08, 0xF8,
0x00, 0x00, 0x00, 0x00, 0x00, 0x00, 0x00, 0x00, 0x00, 0x00, 0x00, 0x08, 0xF8, 0x00, 0x00, 0x00,
0x00, 0x00, 0x01, 0x2E, 0x00, 0x00, 0x00, 0x00, 0x00, 0x00, 0x00, 0x00, 0x00, 0x00, 0x28, 0xF8,
0x00, 0x00, 0x00, 0x28, 0xF8, 0x28, 0xF8, 0x00, 0x00, 0x00, 0x28, 0xF8, 0x06, 0x2E, 0xF8, 0x08,
0xF8, 0x06, 0x26, 0x00, 0x01, 0x3A, 0xF9, 0x32, 0x00, 0x00, 0x00, 0x00, 0x08, 0xF8, 0x00, 0x00,
0x00, 0x00, 0x00, 0x08, 0xF8, 0x00, 0x00, 0x00, 0x00, 0x00, 0x08, 0xF8, 0x00, 0x00, 0x00, 0x00,
0x00, 0x08, 0xF8, 0x00, 0x00, 0x00, 0x28, 0xF8, 0x00, 0x00, 0x00, 0x00, 0x00, 0x28, 0xFF, 0xFF,
0xFF, 0xFF, 0xD8, 0x00, 0x28, 0xF8, 0x00, 0x00, 0x00, 0x28, 0xF8, 0x28, 0xF8, 0x00, 0x00, 0x00,
0x28, 0xF8, 0x28, 0xF8, 0x00, 0x00, 0x00, 0x28, 0xF8, 0x28, 0xF8, 0x00, 0x00, 0x00, 0x28, 0xF8,
0x28, 0xFF, 0xFF, 0xFF, 0xFF, 0xD8, 0x00, 0x28, 0xF9, 0x30, 0x30, 0x30, 0x28, 0x00, 0x00, 0x00,
0xFF, 0xFF, 0xFF, 0x00, 0x00, 0x28, 0xF8, 0x34, 0x34, 0x34, 0x28, 0xF8, 0x28, 0xF8, 0x00, 0x00,
0x00, 0x28, 0xF8, 0x28, 0xF8, 0x28, 0xFF, 0xFF, 0x00, 0x00, 0x28, 0xF8, 0x07, 0x30, 0x30, 0x06,
0x26, 0x28, 0xF8, 0x00, 0x00, 0x00, 0x28, 0xF8, 0x28, 0xF8, 0x08, 0x34, 0x34, 0x1F, 0xC5, 0x28,
0xF8, 0x28, 0xFF, 0xFF, 0x00, 0x00, 0x00, 0x01, 0x2E, 0x00, 0x00, 0x00, 0x00, 0x00, 0x08, 0xF8,
0x00, 0x00, 0x00, 0x00, 0x00, 0x00, 0x00, 0x00, 0x00, 0x00, 0x00, 0x00, 0x00, 0x08, 0xF8, 0x00,
0x00, 0x00, 0x00, 0x00, 0x01, 0x32, 0x00, 0x00, 0x00, 0x08, 0x3A, 0xFF, 0xFF, 0xFF, 0xFF, 0xF8,
0x28, 0xF9, 0x34, 0x34, 0x34, 0x53, 0xF8, 0x28, 0xF8, 0x00, 0x00, 0x00, 0x28, 0xF8, 0x28, 0xF8,
0x00, 0x00, 0x00, 0x28, 0xF8, 0x1F, 0xC7, 0x34, 0x38, 0xCC, 0xD4, 0xF8, 0x00, 0x08, 0xFF, 0xF8,
0x00, 0x28, 0xF8, 0x00, 0x00, 0x00, 0x00, 0x27, 0x00, 0x00, 0x00, 0x00, 0x00, 0x00, 0xD0, 0x00,
0x00, 0x00, 0x00, 0x00, 0x00, 0x00, 0x00, 0x00, 0x00, 0x00, 0x00, 0xF8, 0x28, 0x00, 0x00, 0x00,
0x00, 0x00, 0x32, 0x08, 0x00, 0x00, 0x08, 0x32, 0xFF, 0xFF, 0xFF, 0xFF, 0xF8, 0x28, 0xF8, 0x34,
0x34, 0x34, 0x53, 0xF8, 0x28, 0xF8, 0x00, 0x00, 0x00, 0x28, 0xF8, 0x28, 0xF8, 0x00, 0x00, 0x00,
0x28, 0xF8, 0x1F, 0xC5, 0x34, 0x34, 0xB4, 0xD4, 0xF8, 0x00, 0x00, 0xFF, 0xFF, 0x28, 0x28, 0xF8,
0x00, 0x00, 0x01, 0x2E, 0x00, 0x00, 0x00, 0x00, 0x00, 0x08, 0xF8, 0x00, 0x00, 0x00, 0x00, 0x00,
0x00, 0x00, 0x00, 0x00, 0x00, 0x00, 0x08, 0xF8, 0x08, 0xF8, 0x00, 0x00, 0x00, 0x01, 0x32, 0x01,
0x32, 0x00, 0x00, 0x08, 0x3A, 0xFF, 0xFF, 0xFF, 0xFF, 0xF8, 0x28, 0xF9, 0x34, 0x34, 0x34, 0x53,
0xF8, 0x28, 0xF8, 0x00, 0x00, 0x00, 0x28, 0xF8, 0x28, 0xF8, 0x00, 0x00, 0x00, 0x28, 0xF8, 0x1F,
0xC7, 0x34, 0x38, 0xCC, 0xD4, 0xF8, 0x00, 0x08, 0xFF, 0xF8, 0x00, 0x28, 0xF8, 0x00, 0x00, 0x34,
0x34, 0x08, 0x00, 0x00, 0x00, 0x00, 0xFC, 0xFF, 0x28, 0x0B, 0x49, 0x08, 0x32, 0x00, 0xFF, 0x53,
0x2B, 0xDC, 0x28, 0xF8, 0x00, 0xFF, 0xFF, 0x28, 0x00, 0x00, 0x00, 0x00, 0x00, 0x00, 0x00, 0x00,
0x08, 0x3A, 0xFF, 0xFF, 0xFF, 0xFF, 0xF8, 0x28, 0xF9, 0x34, 0x34, 0x34, 0x53, 0xF8, 0x28, 0xF8,
0x00, 0x00, 0x00, 0x28, 0xF8, 0x28, 0xF8, 0x00, 0x00, 0x00, 0x28, 0xF8, 0x1F, 0xC5, 0x34, 0x34,
0xB4, 0xF7, 0xF8, 0x00, 0x00, 0xFF, 0xFF, 0x28, 0xD8, 0xF8, 0x00, 0x01, 0x32, 0x00, 0x2B, 0x00,
0x00, 0x00, 0x08, 0xF8, 0x00, 0xD8, 0x00, 0x00, 0x00, 0x00, 0x00, 0x00, 0x00, 0x00, 0x00, 0x08,
0x3A, 0xFF, 0xFF, 0xFF, 0xFF, 0xF8, 0x28, 0xF9, 0x34, 0x34, 0x34, 0x53, 0xF8, 0x28, 0xF8, 0x00,
0x00, 0x00, 0x28, 0xF8, 0x28, 0xF8, 0x00, 0x00, 0x00, 0x28, 0xF8, 0x1F, 0xC7, 0x34, 0x34, 0xB9,
0xD4, 0xF8, 0x00, 0x08, 0xFF, 0xFF, 0x20, 0x28, 0xF8, 0x00, 0x00, 0x08, 0xF8, 0x00, 0x00, 0x00,
0x00, 0x00, 0x00, 0x00, 0x00, 0x00, 0x00, 0x00, 0x08, 0xF8, 0x08, 0xF8, 0x00, 0x00, 0x00, 0x01,
0x2E, 0x01, 0x2E, 0x00, 0x00, 0x00, 0x00, 0x08, 0xF8, 0x00, 0x00, 0x00, 0x00, 0x00, 0x01, 0x32,
0x00, 0x00, 0x00, 0x08, 0x3A, 0xFF, 0xFF, 0xFF, 0xFF, 0xF8, 0x28, 0xF9, 0x34, 0x34, 0x34, 0x53,
0xF8, 0x28, 0xF8, 0x00, 0x00, 0x00, 0x28, 0xF8, 0x28, 0xF8, 0x00, 0x00, 0x00, 0x28, 0xF8, 0x1F,
0xC7, 0x34, 0x38, 0xCC, 0xD4, 0xF8, 0x00, 0x08, 0xFF, 0xF8, 0x00, 0x28, 0xF8, 0x00, 0x00, 0xFF,
0xFF, 0xFF, 0xFF, 0xFF, 0xFF, 0xFF, 0xFF, 0x08, 0x28, 0xF8, 0x34, 0x34, 0x34, 0xF9, 0x53, 0x34,
0x34, 0x34, 0xF1, 0x28, 0xF8, 0x00, 0x00, 0x00, 0xF8, 0xFF, 0xFF, 0xFF, 0xFF, 0x08, 0x28, 0xF8,
0x00, 0x00, 0x00, 0xF8, 0x50, 0x30, 0x30, 0x30, 0x01, 0x1F, 0xC5, 0x34, 0x34, 0xB4, 0xFE, 0x53,
0x34, 0x34, 0x34, 0x01, 0x00, 0x00, 0xFF, 0xFF, 0x28, 0xF8, 0xFF, 0xFF, 0xFF, 0xFF, 0x08, 0x00,
0x00, 0xFF, 0xFF, 0xFF, 0x00, 0x00, 0x28, 0xF8, 0x34, 0x34, 0x34, 0x28, 0xF8, 0x28, 0xF8, 0x00,
0x00, 0x00, 0x07, 0x2E, 0x28, 0xF8, 0x00, 0x00, 0x00, 0x00, 0x00, 0x1F, 0xC5, 0x34, 0x34, 0x34,
0x1F, 0xC5, 0x00, 0x00, 0xFF, 0xFF, 0xFF, 0x00, 0x00, 0x00, 0x00, 0x00, 0xF8, 0x00, 0x00, 0x00,
0x28, 0xFF, 0xFF, 0x32, 0x00, 0x00, 0x00, 0x07, 0x30, 0x30, 0x00, 0x00, 0x00, 0x00, 0x00, 0x01,
0x2E, 0x00, 0x00, 0x00, 0x00, 0x00, 0x08, 0xF8, 0x00, 0x00, 0x00, 0x00, 0x00, 0x00, 0x00, 0x00,
0x00, 0x00, 0x00, 0x00, 0x00, 0x08, 0xF8, 0x00, 0x00, 0x00, 0x00, 0x00, 0x01, 0x32, 0x00, 0x00,
0x00, 0x00, 0x08, 0xFF, 0xFF, 0xF8, 0x00, 0x00, 0x28, 0xF9, 0x34, 0x34, 0x32, 0x28, 0xF8, 0x28,
0xFF, 0xFF, 0xFF, 0xFF, 0xFF, 0xF8, 0x28, 0xF9, 0x30, 0x30, 0x30, 0x30, 0x2E, 0x1F, 0xC7, 0x34,
0x34, 0x32, 0x00, 0x00, 0x00, 0x08, 0xFF, 0xFF, 0xF8, 0x00, 0x00, 0x00, 0x00, 0x00, 0x01, 0x30,
0x00, 0x00, 0x00, 0x00, 0x00, 0x08, 0xFF, 0x00, 0x00, 0x00, 0x00, 0x00, 0x00, 0x00, 0x00, 0x00,
0x00, 0x00, 0x28, 0xF8, 0x00, 0x00, 0x00, 0x00, 0x00, 0x08, 0x32, 0x00, 0x00, 0x00, 0x00, 0x00,
0xFF, 0xFF, 0xFF, 0x00, 0x00, 0x28, 0xF8, 0x34, 0x34, 0x34, 0x28, 0xF8, 0x28, 0xFF, 0xFF, 0xFF,
0xFF, 0xFF, 0xF8, 0x28, 0xFF, 0x30, 0x30, 0x30, 0x30, 0x2E, 0x1F, 0xCC, 0x34, 0x34, 0x34, 0x00,
0x00, 0x00, 0x00, 0xFF, 0xFF, 0xFF, 0x00, 0x00, 0x00, 0x00, 0x01, 0x2E, 0x00, 0x00, 0x00, 0x00,
0x00, 0x08, 0xF8, 0x00, 0x00, 0x00, 0x00, 0x00, 0x00, 0x00, 0x00, 0x00, 0x00, 0x00, 0x08, 0xF8,
0x08, 0xF8, 0x00, 0x00, 0x00, 0x01, 0x32, 0x01, 0x32, 0x00, 0x00, 0x00, 0x08, 0xFF, 0xFF, 0xF8,
0x00, 0x00, 0x28, 0xF9, 0x34, 0x34, 0x32, 0x28, 0xF8, 0x28, 0xFF, 0xFF, 0xFF, 0xFF, 0xFF, 0xF8,
0x28, 0xF9, 0x30, 0x30, 0x30, 0x30, 0x2E, 0x1F, 0xC7, 0x34, 0x34, 0x32, 0x00, 0x00, 0x00, 0x08,
0xFF, 0xFF, 0xF8, 0x00, 0x00, 0x00, 0x01, 0x32, 0x08, 0x32, 0x00, 0x00, 0x00, 0x08, 0xF8, 0x28,
0xF8, 0x00, 0x00, 0x00, 0x00, 0x00, 0x00, 0x00, 0x00, 0x00, 0x00, 0x08, 0xFF, 0xFF, 0xF8, 0x00,
0x00, 0x28, 0xF9, 0x34, 0x34, 0x32, 0x28, 0xF8, 0x28, 0xFF, 0xFF, 0xFF, 0xFF, 0xFF, 0xF8, 0x28,
0xF9, 0x30, 0x30, 0x30, 0x30, 0x2E, 0x1F, 0xC7, 0x34, 0x34, 0x32, 0x00, 0x00, 0x00, 0x08, 0xFF,
0xFF, 0xF8, 0x00, 0x00, 0x07, 0x2E, 0x00, 0x28, 0xF8, 0x00, 0x00, 0x00, 0x00, 0x00, 0x08, 0xF8,
0x00, 0x01, 0x32, 0x00, 0x08, 0xF8, 0x00, 0x08, 0xF8, 0x00, 0x08, 0xF8, 0x00, 0x08, 0xF8, 0x00,
0x08, 0xF8, 0x00, 0x08, 0xF8, 0x00, 0x01, 0x2E, 0x00, 0x08, 0xF8, 0x00, 0x00, 0x00, 0x28, 0xF8,
0x00, 0x08, 0x32, 0x00, 0x28, 0xF8, 0x00, 0x28, 0xF8, 0x00, 0x28, 0xF8, 0x00, 0x28, 0xF8, 0x00,
0x28, 0xF8, 0x00, 0x28, 0xF8, 0x00, 0x00, 0x01, 0x2E, 0x00, 0x00, 0x00, 0x08, 0xF8, 0x00, 0x00,
0x00, 0x00, 0x00, 0x00, 0x00, 0x28, 0xF8, 0x00, 0xE8, 0x18, 0x08, 0x32, 0x00, 0x2F, 0x04, 0x00,
0x08, 0xF8, 0x00, 0x00, 0x00, 0x08, 0xF8, 0x00, 0x00, 0x00, 0x08, 0xF8, 0x00, 0x00, 0x00, 0x08,
0xF8, 0x00, 0x00, 0x00, 0x08, 0xF8, 0x00, 0x00, 0x00, 0x08, 0xF8, 0x00, 0x00, 0x08, 0x32, 0x00,
0x2F, 0x04, 0x28, 0xF8, 0x00, 0xE8, 0x18, 0x00, 0x00, 0x00, 0x00, 0x00, 0x00, 0x08, 0xF8, 0x00,
0x00, 0x00, 0x08, 0xF8, 0x00, 0x00, 0x00, 0x08, 0xF8, 0x00, 0x00, 0x00, 0x08, 0xF8, 0x00, 0x00,
0x00, 0x08, 0xF8, 0x00, 0x00, 0x00, 0x08, 0xF8, 0x00, 0x00, 0x28, 0xFF, 0xFF, 0xF8, 0x00, 0x28,
0xF8, 0x07, 0x30, 0x30, 0x2E, 0x00, 0x07, 0x2E, 0x00, 0x00, 0x00, 0x08, 0xFF, 0x00, 0x00, 0x00,
0x00, 0x28, 0xF9, 0x34, 0x28, 0xF8, 0x00, 0x00, 0x07, 0x2E, 0x00, 0x28, 0xF8, 0x00, 0x00, 0xFF,
0xFF, 0xFF, 0xFF, 0xF8, 0x06, 0x26, 0x30, 0x30, 0x30, 0x50, 0xF8, 0x28, 0xF8, 0x00, 0x00, 0x00,
0x28, 0xF8, 0x1F, 0xC5, 0x34, 0x34, 0x34, 0x1F, 0xC5, 0x00, 0x00, 0xFF, 0xFF, 0xFF, 0x00, 0x00,
0x00, 0x00, 0x34, 0x34, 0x08, 0x00, 0x00, 0x00, 0x00, 0xFC, 0xFF, 0x28, 0x0B, 0x49, 0x08, 0x32,
0x00, 0xFF, 0x53, 0x2B, 0xDC, 0x28, 0xF8, 0x00, 0xFF, 0xFF, 0x28, 0x00, 0x00, 0x00, 0x00, 0x00,
0x00, 0x00, 0x00, 0x28, 0xF8, 0x00, 0xFF, 0xFF, 0x28, 0x00, 0x28, 0xFF, 0xFF, 0x34, 0x34, 0x30,
0xF8, 0x28, 0xF9, 0x34, 0x00, 0x00, 0x28, 0xF8, 0x28, 0xF8, 0x00, 0x00, 0x00, 0x28, 0xF8, 0x28,
0xF8, 0x00, 0x00, 0x00, 0x28, 0xF8, 0x28, 0xF8, 0x00, 0x00, 0x00, 0x28, 0xF8, 0x00, 0x01, 0x2E,
0x00, 0x00, 0x00, 0x00, 0x00, 0x08, 0xF8, 0x00, 0x00, 0x00, 0x00, 0x00, 0x00, 0x00, 0x00, 0x00,
0x00, 0x00, 0x00, 0x00, 0x08, 0xF8, 0x00, 0x00, 0x00, 0x00, 0x00, 0x01, 0x32, 0x00, 0x00, 0x00,
0x00, 0x08, 0xFF, 0xFF, 0xF8, 0x00, 0x00, 0x28, 0xF9, 0x34, 0x34, 0x32, 0x28, 0xF8, 0x28, 0xF8,
0x00, 0x00, 0x00, 0x28, 0xF8, 0x28, 0xF8, 0x00, 0x00, 0x00, 0x28, 0xF8, 0x1F, 0xC7, 0x34, 0x34,
0x32, 0x1F, 0xC5, 0x00, 0x08, 0xFF, 0xFF, 0xF8, 0x00, 0x00, 0x00, 0x00, 0x00, 0x01, 0x30, 0x00,
0x00, 0x00, 0x00, 0x00, 0x08, 0xFF, 0x00, 0x00, 0x00, 0x00, 0x00, 0x00, 0x00, 0x00, 0x00, 0x00,
0x00, 0x28, 0xF8, 0x00, 0x00, 0x00, 0x00, 0x00, 0x08, 0x32, 0x00, 0x00, 0x00, 0x00, 0x00, 0xFF,
0xFF, 0xFF, 0x00, 0x00, 0x28, 0xF8, 0x34, 0x34, 0x34, 0x28, 0xF8, 0x28, 0xF8, 0x00, 0x00, 0x00,
0x28, 0xF8, 0x28, 0xF8, 0x00, 0x00, 0x00, 0x28, 0xF8, 0x1F, 0xC5, 0x34, 0x34, 0x34, 0x1F, 0xC5,
0x00, 0x00, 0xFF, 0xFF, 0xFF, 0x00, 0x00, 0x00, 0x00, 0x01, 0x2E, 0x00, 0x00, 0x00, 0x00, 0x00,
0x08, 0xF8, 0x00, 0x00, 0x00, 0x00, 0x00, 0x00, 0x00, 0x00, 0x00, 0x00, 0x00, 0x08, 0xF8, 0x08,
0xF8, 0x00, 0x00, 0x00, 0x01, 0x32, 0x01, 0x32, 0x00, 0x00, 0x00, 0x08, 0xFF, 0xFF, 0xF8, 0x00,
0x00, 0x28, 0xF9, 0x34, 0x34, 0x32, 0x28, 0xF8, 0x28, 0xF8, 0x00, 0x00, 0x00, 0x28, 0xF8, 0x28,
0xF8, 0x00, 0x00, 0x00, 0x28, 0xF8, 0x1F, 0xC7, 0x34, 0x34, 0x32, 0x1F, 0xC5, 0x00, 0x08, 0xFF,
0xFF, 0xF8, 0x00, 0x00, 0x00, 0x00, 0x34, 0x34, 0x08, 0x00, 0x00, 0x00, 0x00, 0xFC, 0xFF, 0x28,
0x0B, 0x49, 0x08, 0x32, 0x00, 0xFF, 0x53, 0x2B, 0xDC, 0x28, 0xF8, 0x00, 0xFF, 0xFF, 0x28, 0x00,
0x00, 0x00, 0x00, 0x00, 0x00, 0x00, 0x00, 0x00, 0x00, 0xFF, 0xFF, 0xFF, 0x28, 0x00, 0x28, 0xF8,
0x34, 0x34, 0x34, 0x30, 0xF8, 0x28, 0xF8, 0x00, 0x00, 0x00, 0x28, 0xF8, 0x28, 0xF8, 0x00, 0x00,
0x00, 0x28, 0xF8, 0x1F, 0xC5, 0x34, 0x34, 0x34, 0x28, 0xC5, 0x00, 0x00, 0xFF, 0xFF, 0xFF, 0x28,
0x00, 0x00, 0x01, 0x32, 0x08, 0x32, 0x00, 0x00, 0x00, 0x08, 0xF8, 0x28, 0xF8, 0x00, 0x00, 0x00,
0x00, 0x00, 0x00, 0x00, 0x00, 0x00, 0x00, 0x08, 0xFF, 0xFF, 0xF8, 0x00, 0x00, 0x28, 0xF9, 0x34,
0x34, 0x32, 0x28, 0xF8, 0x28, 0xF8, 0x00, 0x00, 0x00, 0x28, 0xF8, 0x28, 0xF8, 0x00, 0x00, 0x00,
0x28, 0xF8, 0x1F, 0xC7, 0x34, 0x34, 0x32, 0x1F, 0xC5, 0x00, 0x08, 0xFF, 0xFF, 0xF8, 0x00, 0x00,
0x00, 0x28, 0xF8, 0x00, 0x00, 0x00, 0x00, 0x07, 0x2E, 0x00, 0x00, 0x00, 0x00, 0x00, 0x00, 0x00,
0x00, 0x00, 0xFF, 0xFF, 0xFF, 0xFF, 0xFF, 0xFF, 0x30, 0x30, 0x33, 0x30, 0x30, 0x30, 0x00, 0x28,
0xF8, 0x00, 0x00, 0x00, 0x00, 0x07, 0x2E, 0x00, 0x00, 0x00, 0x00, 0x00, 0xFF, 0xFF, 0xFF, 0x00,
0x00, 0x28, 0xF8, 0x34, 0x34, 0x34, 0xFF, 0xF8, 0x28, 0xF8, 0x00, 0x08, 0xFF, 0xFF, 0xF8, 0x28,
0xF8, 0x28, 0xF8, 0x00, 0x28, 0xF8, 0x1F, 0xC5, 0x53, 0xF9, 0x34, 0x1F, 0xC5, 0x00, 0x00, 0xFF,
0xFF, 0xFF, 0x00, 0x00, 0x00, 0x00, 0x28, 0xF8, 0x00, 0x00, 0x00, 0x00, 0x01, 0x2E, 0x00, 0x00,
0x00, 0x00, 0x00, 0x08, 0xF8, 0x00, 0x00, 0x00, 0x00, 0x00, 0x00, 0x00, 0x00, 0x00, 0x00, 0x00,
0x00, 0x00, 0x08, 0xF8, 0x00, 0x00, 0x00, 0x00, 0x00, 0x01, 0x32, 0x00, 0x00, 0x00, 0x28, 0xF8,
0x00, 0x00, 0x00, 0x28, 0xF8, 0x28, 0xF8, 0x00, 0x00, 0x00, 0x28, 0xF8, 0x28, 0xF8, 0x00, 0x00,
0x00, 0x28, 0xF8, 0x28, 0xF8, 0x00, 0x01, 0x34, 0x53, 0xF8, 0x28, 0xF9, 0x34, 0x3A, 0xFF, 0xFF,
0xF8, 0x00, 0x08, 0xFF, 0xF8, 0x00, 0x28, 0xF8, 0x00, 0x00, 0x00, 0x00, 0x27, 0x00, 0x00, 0x00,
0x00, 0x00, 0x00, 0xD0, 0x00, 0x00, 0x00, 0x00, 0x00, 0x00, 0x00, 0x00, 0x00, 0x00, 0x00, 0x00,
0xF8, 0x28, 0x00, 0x00, 0x00, 0x00, 0x00, 0x32, 0x08, 0x00, 0x00, 0x28, 0xF8, 0x00, 0x00, 0x00,
0x28, 0xF8, 0x28, 0xF8, 0x00, 0x00, 0x00, 0x28, 0xF8, 0x28, 0xF8, 0x00, 0x00, 0x00, 0x28, 0xF8,
0x28, 0xF8, 0x00, 0x00, 0x2B, 0x53, 0xF8, 0x28, 0xF8, 0x34, 0x34, 0xE0, 0xFF, 0xF8, 0x00, 0x00,
0xFF, 0xFF, 0x28, 0x28, 0xF8, 0x00, 0x00, 0x01, 0x2E, 0x00, 0x00, 0x00, 0x00, 0x00, 0x08, 0xF8,
0x00, 0x00, 0x00, 0x00, 0x00, 0x00, 0x00, 0x00, 0x00, 0x00, 0x00, 0x08, 0xF8, 0x08, 0xF8, 0x00,
0x00, 0x00, 0x01, 0x32, 0x01, 0x32, 0x00, 0x00, 0x28, 0xF8, 0x00, 0x00, 0x00, 0x28, 0xF8, 0x28,
0xF8, 0x00, 0x00, 0x00, 0x28, 0xF8, 0x28, 0xF8, 0x00, 0x00, 0x00, 0x28, 0xF8, 0x28, 0xF8, 0x00,
0x01, 0x34, 0x53, 0xF8, 0x28, 0xF9, 0x34, 0x3A, 0xFF, 0xFF, 0xF8, 0x00, 0x08, 0xFF, 0xF8, 0x00,
0x28, 0xF8, 0x00, 0x01, 0x32, 0x00, 0x2B, 0x00, 0x00, 0x00, 0x08, 0xF8, 0x00, 0xD8, 0x00, 0x00,
0x00, 0x00, 0x00, 0x00, 0x00, 0x00, 0x00, 0x28, 0xF8, 0x00, 0x00, 0x00, 0x28, 0xF8, 0x28, 0xF8,
0x00, 0x00, 0x00, 0x28, 0xF8, 0x28, 0xF8, 0x00, 0x00, 0x00, 0x28, 0xF8, 0x28, 0xF8, 0x00, 0x00,
0x2D, 0x53, 0xF8, 0x28, 0xF9, 0x34, 0x34, 0xE6, 0xFF, 0xF8, 0x00, 0x08, 0xFF, 0xFF, 0x20, 0x28,
0xF8, 0x00, 0x00, 0x00, 0x00, 0x27, 0x00, 0x00, 0x00, 0x00, 0x00, 0x00, 0xD0, 0x00, 0x00, 0x00,
0x00, 0x00, 0x00, 0x00, 0x00, 0x00, 0x00, 0x00, 0x00, 0xF8, 0x28, 0x00, 0x00, 0x00, 0x00, 0x00,
0x32, 0x08, 0x00, 0x00, 0x28, 0xF8, 0x00, 0x00, 0x00, 0x28, 0xF8, 0x28, 0xF8, 0x00, 0x00, 0x00,
0x28, 0xF8, 0x28, 0xF8, 0x00, 0x00, 0x2B, 0x53, 0xF8, 0x28, 0xF8, 0xFF, 0xFF, 0xFF, 0xFF, 0xF8,
0x00, 0x00, 0x30, 0x30, 0x07, 0x28, 0xF8, 0x08, 0x34, 0x34, 0x34, 0x32, 0x28, 0xF8, 0x28, 0xFF,
0xFF, 0xFF, 0xF8, 0x00, 0x00, 0x28, 0xF8, 0x00, 0x00, 0x00, 0x00, 0x00, 0x28, 0xF8, 0x00, 0xFF,
0xFF, 0x28, 0x00, 0x28, 0xFF, 0xFF, 0x34, 0x34, 0xE0, 0x48, 0x28, 0xF9, 0x30, 0x00, 0x00, 0xD8,
0x48, 0x28, 0xFF, 0xFF, 0x00, 0x00, 0xD8, 0x48, 0x28, 0xF9, 0x30, 0x34, 0x34, 0x30, 0x0D, 0x28,
0xF8, 0x00, 0xFF, 0xFF, 0x28, 0x00, 0x28, 0xF8, 0x00, 0x00, 0x00, 0x00, 0x00, 0x00, 0x01, 0x32,
0x00, 0x2B, 0x00, 0x00, 0x00, 0x08, 0xF8, 0x00, 0xD8, 0x00, 0x00, 0x00, 0x00, 0x00, 0x00, 0x00,
0x00, 0x00, 0x28, 0xF8, 0x00, 0x00, 0x00, 0x28, 0xF8, 0x28, 0xF8, 0x00, 0x00, 0x00, 0x28, 0xF8,
0x28, 0xF8, 0x00, 0x00, 0x2D, 0x53, 0xF8, 0x28, 0xFF, 0xFF, 0xFF, 0xFF, 0xFF, 0xF8, 0x00, 0x01,
0x30, 0x30, 0x06, 0x28, 0xF8, 0x08, 0x34, 0x34, 0x34, 0x32, 0x28, 0xF8, 0x28, 0xFF, 0xFF, 0xFF,
0xF8, 0x00, 0x00, 0x00, 0x08, 0xFF, 0xFF, 0xF8, 0x00, 0x00, 0x00, 0x01, 0x30, 0x30, 0x2E, 0x00,
0x00, 0x00, 0x00, 0x00, 0x00, 0x00, 0x00, 0x00, 0x00, 0x00, 0x08, 0xF8, 0x00, 0x00, 0x00, 0x00,
0x08, 0xF9, 0x3A, 0xF8, 0x00, 0x00, 0x28, 0xF8, 0x00, 0x00, 0x00, 0x28, 0xF8, 0x28, 0xF8, 0x00,
0x00, 0x00, 0x28, 0xF8, 0x28, 0xFF, 0xFF, 0xFF, 0xFF, 0xFF, 0xF8, 0x28, 0xF9, 0x30, 0x30, 0x30,
0x50, 0xF8, 0x28, 0xF8, 0x00, 0x00, 0x00, 0x28, 0xF8, 0x28, 0xF8, 0x00, 0x00, 0x00, 0x28, 0xF8,
0x08, 0x34, 0x34, 0x34, 0x34, 0x34, 0x32, 0x28, 0xFF, 0xFF, 0xFF, 0xFF, 0xFF, 0xF8, 0x00, 0x00,
0x00, 0x00, 0x00, 0x00, 0x00, 0x08, 0x3A, 0xFF, 0xFF, 0xFF, 0xFF, 0xF8, 0x28, 0xF9, 0x34, 0x34,
0x34, 0x53, 0xF8, 0x28, 0xF8, 0x00, 0x00, 0x00, 0x28, 0xF8, 0x28, 0xF8, 0x00, 0x00, 0x00, 0x28,
0xF8, 0x1F, 0xC5, 0x34, 0x34, 0xB4, 0xD4, 0xF8, 0x00, 0x00, 0xFF, 0xFF, 0x28, 0x28, 0xF8, 0x28,
0xF8, 0x00, 0x00, 0x00, 0x28, 0xF8, 0x00, 0x00, 0x00, 0x00, 0x00, 0x00, 0x00, 0x00, 0x08, 0xFF,
0xFF, 0xF8, 0x00, 0x00, 0x00, 0x01, 0x30, 0x30, 0x2E, 0x00, 0x00, 0x00, 0x00, 0x00, 0x00, 0x00,
0x00, 0x00, 0x00, 0x00, 0x08, 0xF8, 0x00, 0x00, 0x00, 0x00, 0x08, 0xF9, 0x3A, 0xF8, 0x00, 0x00,
0x28, 0xF8, 0x00, 0x00, 0x00, 0x28, 0xF8, 0x28, 0xF8, 0x00, 0x00, 0x00, 0x28, 0xF8, 0x28, 0xFF,
0xFF, 0xFF, 0xFF, 0xFF, 0xF8, 0x28, 0xF9, 0x30, 0x30, 0x30, 0x50, 0xF8, 0x28, 0xF8, 0x00, 0x00,
0x00, 0x28, 0xF8, 0x28, 0xF8, 0x00, 0x00, 0x00, 0x28, 0xF8, 0x07, 0x2E, 0x00, 0x00, 0x00, 0x07,
0x2E, 0x28, 0xF8, 0x00, 0x00, 0x00, 0x28, 0xF8, 0x00, 0x00, 0x00, 0x00, 0x00, 0x00, 0x00, 0x00,
0x00, 0xFF, 0xFF, 0xFF, 0x00, 0x00, 0x00, 0x00, 0x34, 0x34, 0x34, 0x00, 0x00, 0x08, 0x3A, 0xFF,
0xFF, 0xFF, 0xFF, 0xF8, 0x28, 0xF9, 0x34, 0x34, 0x34, 0x53, 0xF8, 0x28, 0xF8, 0x00, 0x00, 0x00,
0x28, 0xF8, 0x28, 0xF8, 0x00, 0x00, 0x00, 0x28, 0xF8, 0x1F, 0xC5, 0x34, 0x34, 0xB4, 0xFF, 0xF8,
0x00, 0x00, 0xFF, 0xFF, 0x28, 0xFF, 0xF8, 0x00, 0x00, 0x08, 0xF8, 0x00, 0x00, 0x00, 0x00, 0x00,
0x00, 0x08, 0xF9, 0x3A, 0xF8, 0x00, 0x00, 0x00, 0x00, 0x28, 0xF8, 0x00, 0x00, 0x00, 0x28, 0xF8,
0x00, 0x00, 0x28, 0xF8, 0x00, 0x00, 0x00, 0x28, 0xF8, 0x00, 0x00, 0x28, 0xFF, 0xFF, 0xFF, 0xFF,
0xFF, 0xF8, 0x00, 0x00, 0x28, 0xF9, 0x30, 0x30, 0x30, 0x50, 0xF8, 0x00, 0x00, 0x28, 0xF8, 0x00,
0x00, 0x00, 0x28, 0xF8, 0x00, 0x00, 0x28, 0xF8, 0x00, 0x01, 0x32, 0x28, 0xF8, 0x00, 0x00, 0x00,
0x00, 0x00, 0x08, 0xF8, 0x00, 0x00, 0x00, 0x00, 0x00, 0x00, 0x00, 0x00, 0x00, 0x28, 0xFF, 0xFF,
0xD8, 0x00, 0x00, 0x00, 0x00, 0x00, 0x07, 0x30, 0x30, 0x28, 0x08, 0x32, 0xFF, 0xFF, 0xFF, 0xFF,
0xF8, 0x00, 0x00, 0x28, 0xF8, 0x34, 0x34, 0x34, 0x53, 0xF8, 0x00, 0x00, 0x28, 0xF8, 0x00, 0x00,
0x00, 0x28, 0xF8, 0x00, 0x00, 0x28, 0xF8, 0x00, 0x00, 0x00, 0x28, 0xF8, 0x00, 0x00, 0x1F, 0xC5,
0x34, 0x34, 0xB4, 0xD4, 0xF8, 0x00, 0x00, 0x00, 0x00, 0xFF, 0xFF, 0x28, 0x28, 0xF8, 0x00, 0x00,
0x00, 0x00, 0x00, 0x00, 0xD0, 0x00, 0x00, 0x00, 0x00, 0x00, 0x00, 0x00, 0x00, 0x00, 0x28, 0xFF,
0xFF, 0xD8, 0x00, 0x00, 0x00, 0x00, 0x00, 0x07, 0x30, 0x30, 0x28, 0x00, 0x00, 0x00, 0x08, 0xFF,
0x00, 0x00, 0x00, 0x00, 0x00, 0x00, 0x00, 0x00, 0x00, 0x00, 0x00, 0x28, 0xF8, 0x00, 0x00, 0x00,
0x00, 0x00, 0x07, 0x2E, 0x00, 0x00, 0x00, 0x00, 0x00, 0x00, 0x00, 0x00, 0x00, 0x00, 0x00, 0x00,
0xFF, 0xFF, 0xFF, 0x00, 0x00, 0x28, 0xF8, 0x34, 0x34, 0x34, 0x28, 0xF8, 0x28, 0xF8, 0x00, 0x00,
0x00, 0x07, 0x2E, 0x28, 0xF8, 0x00, 0x00, 0x00, 0x00, 0x00, 0x28, 0xF8, 0x00, 0x00, 0x00, 0x00,
0x00, 0x28, 0xF8, 0x00, 0x00, 0x00, 0x00, 0x00, 0x1F, 0xC5, 0x34, 0x34, 0x34, 0x1F, 0xC5, 0x00,
0x00, 0xFF, 0xFF, 0xFF, 0x00, 0x00, 0x00, 0x00, 0x00, 0x01, 0x30, 0x00, 0x00, 0x00, 0x00, 0x00,
0x08, 0xFF, 0x00, 0x00, 0x00, 0x00, 0x00, 0x00, 0x00, 0x00, 0x00, 0x00, 0x00, 0x28, 0xF8, 0x00,
0x00, 0x00, 0x00, 0x00, 0x08, 0x32, 0x00, 0x00, 0x00, 0x00, 0x00, 0xFF, 0xFF, 0xFF, 0x00, 0x00,
0x28, 0xF8, 0x34, 0x34, 0x34, 0x28, 0xF8, 0x28, 0xF8, 0x00, 0x00, 0x00, 0x07, 0x2E, 0x28, 0xF8,
0x00, 0x00, 0x00, 0x00, 0x00, 0x1F, 0xC5, 0x34, 0x34, 0x34, 0x1F, 0xC5, 0x00, 0x00, 0xFF, 0xFF,
0xFF, 0x00, 0x00, 0x00, 0x00, 0x08, 0xF8, 0x00, 0x00, 0x00, 0x00, 0x00, 0x00, 0x00, 0x00, 0x00,
0x00, 0x00, 0x08, 0xF8, 0x08, 0xF8, 0x00, 0x00, 0x00, 0x01, 0x2E, 0x01, 0x2E, 0x00, 0x00, 0x00,
0x00, 0x00, 0x00, 0x00, 0x00, 0x00, 0x00, 0x08, 0xFF, 0xFF, 0xF8, 0x00, 0x00, 0x28, 0xF9, 0x34,
0x34, 0x32, 0x28, 0xF8, 0x28, 0xF8, 0x00, 0x00, 0x00, 0x07, 0x2E, 0x28, 0xF8, 0x00, 0x00, 0x00,
0x00, 0x00, 0x28, 0xF8, 0x00, 0x00, 0x00, 0x00, 0x00, 0x28, 0xF8, 0x00, 0x00, 0x00, 0x00, 0x00,
0x1F, 0xC7, 0x34, 0x34, 0x32, 0x1F, 0xC5, 0x00, 0x08, 0xFF, 0xFF, 0xF8, 0x00, 0x00, 0x00, 0x00,
0x01, 0x2E, 0x00, 0x00, 0x00, 0x00, 0x00, 0x08, 0xF8, 0x00, 0x00, 0x00, 0x00, 0x00, 0x00, 0x00,
0x00, 0x00, 0x00, 0x00, 0x08, 0xF8, 0x08, 0xF8, 0x00, 0x00, 0x00, 0x01, 0x32, 0x01, 0x32, 0x00,
0x00, 0x00, 0x08, 0xFF, 0xFF, 0xF8, 0x00, 0x00, 0x28, 0xF9, 0x34, 0x34, 0x32, 0x28, 0xF8, 0x28,
0xF8, 0x00, 0x00, 0x00, 0x07, 0x2E, 0x28, 0xF8, 0x00, 0x00, 0x00, 0x00, 0x00, 0x1F, 0xC7, 0x34,
0x34, 0x32, 0x1F, 0xC5, 0x00, 0x08, 0xFF, 0xFF, 0xF8, 0x00, 0x00, 0x00, 0x00, 0x28, 0xF8, 0x00,
0x00, 0x00, 0x00, 0x00, 0x07, 0x2E, 0x00, 0x00, 0x00, 0x00, 0x00, 0x00, 0x00, 0x00, 0x00, 0x00,
0x00, 0x00, 0xFF, 0xFF, 0xFF, 0x00, 0x00, 0x28, 0xF8, 0x34, 0x34, 0x34, 0x28, 0xF8, 0x28, 0xF8,
0x00, 0x00, 0x00, 0x07, 0x2E, 0x28, 0xF8, 0x00, 0x00, 0x00, 0x00, 0x00, 0x28, 0xF8, 0x00, 0x00,
0x00, 0x00, 0x00, 0x28, 0xF8, 0x00, 0x00, 0x00, 0x00, 0x00, 0x1F, 0xC5, 0x34, 0x34, 0x34, 0x1F,
0xC5, 0x00, 0x00, 0xFF, 0xFF, 0xFF, 0x00, 0x00, 0x00, 0x00, 0x08, 0x32, 0x00, 0x00, 0x00, 0x00,
0x00, 0x28, 0xF8, 0x00, 0x00, 0x00, 0x00, 0x00, 0x00, 0x00, 0x00, 0x00, 0x00, 0x00, 0x00, 0xFF,
0xFF, 0xFF, 0x00, 0x00, 0x28, 0xF8, 0x34, 0x34, 0x34, 0x28, 0xF8, 0x28, 0xF8, 0x00, 0x00, 0x00,
0x07, 0x2E, 0x28, 0xF8, 0x00, 0x00, 0x00, 0x00, 0x00, 0x1F, 0xC5, 0x34, 0x34, 0x34, 0x1F, 0xC5,
0x00, 0x00, 0xFF, 0xFF, 0xFF, 0x00, 0x00, 0x00, 0x08, 0xF8, 0x08, 0xF8, 0x00, 0x00, 0x00, 0x00,
0x00, 0x00, 0x00, 0x00, 0x00, 0x00, 0x00, 0x08, 0xF8, 0x00, 0x00, 0x00, 0x00, 0x00, 0x01, 0x2E,
0x00, 0x00, 0x00, 0x00, 0x00, 0x00, 0x00, 0x00, 0x00, 0x00, 0x00, 0x08, 0xFF, 0xFF, 0xF8, 0x00,
0x00, 0x28, 0xF9, 0x34, 0x34, 0x32, 0x28, 0xF8, 0x28, 0xF8, 0x00, 0x00, 0x00, 0x07, 0x2E, 0x28,
0xF8, 0x00, 0x00, 0x00, 0x00, 0x00, 0x28, 0xF8, 0x00, 0x00, 0x00, 0x00, 0x00, 0x28, 0xF8, 0x00,
0x00, 0x00, 0x00, 0x00, 0x1F, 0xC7, 0x34, 0x34, 0x32, 0x1F, 0xC5, 0x00, 0x08, 0xFF, 0xFF, 0xF8,
0x00, 0x00, 0x00, 0x01, 0x2E, 0x01, 0x2E, 0x00, 0x00, 0x00, 0x08, 0xF8, 0x08, 0xF8, 0x00, 0x00,
0x00, 0x00, 0x00, 0x00, 0x00, 0x00, 0x00, 0x00, 0x00, 0x08, 0xF8, 0x00, 0x00, 0x00, 0x00, 0x00,
0x01, 0x32, 0x00, 0x00, 0x00, 0x00, 0x08, 0xFF, 0xFF, 0xF8, 0x00, 0x00, 0x28, 0xF9, 0x34, 0x34,
0x32, 0x28, 0xF8, 0x28, 0xF8, 0x00, 0x00, 0x00, 0x07, 0x2E, 0x28, 0xF8, 0x00, 0x00, 0x00, 0x00,
0x00, 0x1F, 0xC7, 0x34, 0x34, 0x32, 0x1F, 0xC5, 0x00, 0x08, 0xFF, 0xFF, 0xF8, 0x00, 0x00, 0x00,
0x08, 0xF8, 0x08, 0xF8, 0x00, 0x00, 0x00, 0x00, 0x00, 0x00, 0x00, 0x00, 0x00, 0x00, 0x00, 0x08,
0xF8, 0x00, 0x00, 0x00, 0x00, 0x00, 0x01, 0x2E, 0x00, 0x00, 0x00, 0x00, 0x00, 0x00, 0x00, 0x00,
0x00, 0x00, 0x28, 0xFF, 0xFF, 0xFF, 0xFF, 0xD8, 0x00, 0x28, 0xF9, 0x34, 0x34, 0x34, 0x53, 0xF8,
0x28, 0xF8, 0x00, 0x00, 0x00, 0x28, 0xF8, 0x28, 0xF8, 0x00, 0x00, 0x00, 0x28, 0xF8, 0x28, 0xF8,
0x00, 0x00, 0x00, 0x28, 0xF8, 0x28, 0xF8, 0x00, 0x00, 0x00, 0x28, 0xF8, 0x28, 0xF9, 0x34, 0x34,
0x34, 0x4B, 0xC5, 0x28, 0xFF, 0xFF, 0xFF, 0xFF, 0xD8, 0x00, 0x00, 0x00, 0x00, 0x00, 0x00, 0x28,
0xF8, 0x28, 0xF8, 0x00, 0x00, 0x00, 0x00, 0x00, 0x28, 0xF8, 0x28, 0xF8, 0x00, 0x00, 0xFF, 0xFF,
0x28, 0x28, 0xF8, 0x06, 0x26, 0x28, 0xF8, 0x34, 0x34, 0xE0, 0xFF, 0xF8, 0x00, 0x00, 0x28, 0xF8,
0x00, 0x00, 0x28, 0x50, 0xF8, 0x00, 0x00, 0x28, 0xF8, 0x00, 0x00, 0x00, 0x28, 0xF8, 0x00, 0x00,
0x1F, 0xC5, 0x34, 0x34, 0xB4, 0xD4, 0xF8, 0x00, 0x00, 0x00, 0x00, 0xFF, 0xFF, 0x28, 0x28, 0xF8,
0x00, 0x00, 0x28, 0xFF, 0xFF, 0xFF, 0xFF, 0xD8, 0x00, 0x28, 0xF9, 0x34, 0x34, 0x34, 0x53, 0xF8,
0x28, 0xF8, 0x00, 0x00, 0x00, 0x28, 0xF8, 0xFF, 0xFF, 0xFF, 0x00, 0x00, 0x28, 0xF8, 0x50, 0xF9,
0x30, 0x00, 0x00, 0x28, 0xF8, 0x28, 0xF8, 0x00, 0x00, 0x00, 0x28, 0xF8, 0x28, 0xF9, 0x34, 0x34,
0x34, 0x4B, 0xC5, 0x28, 0xFF, 0xFF, 0xFF, 0xFF, 0xD8, 0x00, 0x00, 0x00, 0x00, 0x00, 0x00, 0x14,
0x7C, 0x00, 0x00, 0x00, 0x00, 0x00, 0x28, 0xF8, 0x00, 0x00, 0x00, 0x00, 0xD8, 0xFF, 0xFF, 0x00,
0x00, 0x00, 0x00, 0x2B, 0x53, 0xF9, 0x00, 0x00, 0xFF, 0xFF, 0x28, 0x28, 0xF8, 0x28, 0xF8, 0x34,
0x34, 0xE0, 0xFF, 0xF8, 0x28, 0xF8, 0x00, 0x00, 0x28, 0x50, 0xF8, 0x28, 0xF8, 0x00, 0x00, 0x00,
0x28, 0xF8, 0x1F, 0xC5, 0x34, 0x34, 0xB4, 0xD4, 0xF8, 0x00, 0x00, 0xFF, 0xFF, 0x28, 0x28, 0xF8,
0x00, 0x00, 0xFF, 0xFF, 0xFF, 0x00, 0x00, 0x00, 0x00, 0x30, 0x30, 0x30, 0x00, 0x00, 0x00, 0x00,
0x00, 0x00, 0x00, 0x00, 0x00, 0x28, 0xFF, 0xFF, 0xFF, 0xFF, 0xFF, 0x20, 0x28, 0xF9, 0x34, 0x34,
0x34, 0x34, 0x06, 0x28, 0xF8, 0x00, 0x00, 0x00, 0x00, 0x00, 0x28, 0xFF, 0xFF, 0xFF, 0xFF, 0xFF,
0x20, 0x28, 0xF9, 0x30, 0x30, 0x30, 0x30, 0x06, 0x28, 0xF8, 0x00, 0x00, 0x00, 0x00, 0x00, 0x28,
0xF9, 0x34, 0x34, 0x34, 0x34, 0x06, 0x28, 0xFF, 0xFF, 0xFF, 0xFF, 0xFF, 0x20, 0x08, 0x34, 0x34,
0x34, 0x34, 0x34, 0x32, 0x28, 0xFF, 0xFF, 0xFF, 0xFF, 0xFF, 0xF8, 0x00, 0x00, 0x00, 0x00, 0x00,
0x00, 0x00, 0x00, 0x00, 0xFF, 0xFF, 0xFF, 0x00, 0x00, 0x28, 0xF8, 0x34, 0x34, 0x34, 0x28, 0xF8,
0x28, 0xFF, 0xFF, 0xFF, 0xFF, 0xFF, 0xF8, 0x28, 0xF9, 0x30, 0x30, 0x30, 0x30, 0x2E, 0x1F, 0xC5,
0x34, 0x34, 0x34, 0x00, 0x00, 0x00, 0x00, 0xFF, 0xFF, 0xFF, 0x00, 0x00, 0x28, 0xF8, 0x00, 0x00,
0x00, 0x28, 0xF8, 0x00, 0x00, 0x00, 0x00, 0x00, 0x00, 0x00, 0x00, 0x00, 0xFF, 0xFF, 0xFF, 0x00,
0x00, 0x00, 0x00, 0x30, 0x30, 0x30, 0x00, 0x00, 0x00, 0x00, 0x00, 0x00, 0x00, 0x00, 0x00, 0x28,
0xFF, 0xFF, 0xFF, 0xFF, 0xFF, 0xF8, 0x28, 0xF9, 0x34, 0x34, 0x34, 0x34, 0x32, 0x28, 0xF8, 0x00,
0x00, 0x00, 0x00, 0x00, 0x28, 0xFF, 0xFF, 0xFF, 0xFF, 0xFF, 0xF8, 0x28, 0xF9, 0x30, 0x30, 0x30,
0x30, 0x2E, 0x28, 0xF8, 0x00, 0x00, 0x00, 0x00, 0x00, 0x28, 0xF9, 0x34, 0x34, 0x34, 0x34, 0x32,
0x28, 0xFF, 0xFF, 0xFF, 0xFF, 0xFF, 0xF8, 0x07, 0x2E, 0x00, 0x00, 0x00, 0x07, 0x2E, 0x28, 0xF8,
0x00, 0x00, 0x00, 0x28, 0xF8, 0x00, 0x00, 0x00, 0x00, 0x00, 0x00, 0x00, 0x00, 0x00, 0xFF, 0xFF,
0xFF, 0x00, 0x00, 0x00, 0x00, 0x34, 0x34, 0x34, 0x00, 0x00, 0x00, 0x00, 0xFF, 0xFF, 0xFF, 0x00,
0x00, 0x28, 0xF8, 0x34, 0x34, 0x34, 0x28, 0xF8, 0x28, 0xFF, 0xFF, 0xFF, 0xFF, 0xFF, 0xF8, 0x28,
0xF9, 0x30, 0x30, 0x30, 0x30, 0x2E, 0x1F, 0xC5, 0x34, 0x34, 0x34, 0x00, 0x00, 0x00, 0x00, 0xFF,
0xFF, 0xFF, 0x00, 0x00, 0x00, 0x00, 0x28, 0xF8, 0x00, 0x00, 0x00, 0x00, 0x00, 0x07, 0x2E, 0x00,
0x00, 0x00, 0x00, 0x00, 0x00, 0x00, 0x00, 0x00, 0x00, 0x28, 0xFF, 0xFF, 0xFF, 0xFF, 0xFF, 0x38,
0x28, 0xF9, 0x34, 0x34, 0x34, 0x34, 0x0B, 0x28, 0xF8, 0x00, 0x00, 0x00, 0x00, 0x00, 0x28, 0xFF,
0xFF, 0xFF, 0xFF, 0xFF, 0x38, 0x28, 0xF9, 0x30, 0x30, 0x30, 0x30, 0x0A, 0x28, 0xF8, 0x00, 0x00,
0x00, 0x00, 0x00, 0x28, 0xF9, 0x34, 0x34, 0x34, 0x34, 0x0B, 0x28, 0xFF, 0xFF, 0xFF, 0xFF, 0xFF,
0x38, 0x00, 0x00, 0x08, 0x32, 0x00, 0x00, 0x00, 0x00, 0x00, 0x28, 0xF8, 0x00, 0x00, 0x00, 0x00,
0x00, 0x00, 0x00, 0x00, 0x00, 0x00, 0x00, 0x00, 0xFF, 0xFF, 0xFF, 0x00, 0x00, 0x28, 0xF8, 0x34,
0x34, 0x34, 0x28, 0xF8, 0x28, 0xFF, 0xFF, 0xFF, 0xFF, 0xFF, 0xF8, 0x28, 0xF9, 0x30, 0x30, 0x30,
0x30, 0x2E, 0x1F, 0xC5, 0x34, 0x34, 0x34, 0x00, 0x00, 0x00, 0x00, 0xFF, 0xFF, 0xFF, 0x00, 0x00,
0x28, 0xFF, 0xFF, 0xFF, 0xFF, 0xF8, 0x28, 0xF9, 0x34, 0x34, 0x34, 0x32, 0x28, 0xF8, 0x00, 0x00,
0x00, 0x00, 0x28, 0xFF, 0xFF, 0xFF, 0xFF, 0xF8, 0x28, 0xF9, 0x30, 0x30, 0x30, 0x2E, 0x28, 0xF8,
0x00, 0x00, 0x00, 0x00, 0x28, 0xF9, 0x34, 0x34, 0x34, 0x32, 0x28, 0xFF, 0xFF, 0xFF, 0xFF, 0xF8,
0x00, 0x00, 0x08, 0xF8, 0x00, 0x00, 0x00, 0x08, 0xF8, 0x00, 0x00, 0x00, 0x00, 0x00, 0x08, 0xFF,
0xFF, 0xF8, 0x00, 0x00, 0x01, 0x30, 0x30, 0x2E, 0x00, 0x08, 0xFF, 0xFF, 0xF8, 0x00, 0x00, 0x28,
0xF9, 0x34, 0x34, 0x32, 0x28, 0xF8, 0x28, 0xFF, 0xFF, 0xFF, 0xFF, 0xFF, 0xF8, 0x28, 0xF9, 0x30,
0x30, 0x30, 0x30, 0x2E, 0x1F, 0xC7, 0x34, 0x34, 0x32, 0x00, 0x00, 0x00, 0x08, 0xFF, 0xFF, 0xF8,
0x00, 0x00, 0x00, 0x00, 0x08, 0xF8, 0x00, 0x00, 0x00, 0x00, 0x08, 0xF9, 0x32, 0x00, 0x00, 0x00,
0x00, 0x00, 0x08, 0xFF, 0xFF, 0xFF, 0xF8, 0x00, 0x00, 0x01, 0x30, 0x30, 0x30, 0x2E, 0x00, 0x08,
0xF8, 0x08, 0xF8, 0x00, 0x00, 0x00, 0x00, 0x00, 0x00, 0x00, 0x00, 0x00, 0x00, 0x00, 0x08, 0xF8,
0x00, 0x00, 0x00, 0x00, 0x00, 0x01, 0x2E, 0x00, 0x00, 0x00, 0x00, 0x00, 0x00, 0x00, 0x00, 0x00,
0x00, 0x28, 0xFF, 0xFF, 0xFF, 0xFF, 0xFF, 0x18, 0x28, 0xF9, 0x34, 0x34, 0x34, 0x34, 0x04, 0x28,
0xF8, 0x00, 0x00, 0x00, 0x00, 0x00, 0x28, 0xFF, 0xFF, 0xFF, 0xFF, 0xFF, 0x18, 0x28, 0xF9, 0x30,
0x30, 0x30, 0x30, 0x04, 0x28, 0xF8, 0x00, 0x00, 0x00, 0x00, 0x00, 0x28, 0xF9, 0x34, 0x34, 0x34,
0x34, 0x04, 0x28, 0xFF, 0xFF, 0xFF, 0xFF, 0xFF, 0x18, 0x00, 0x01, 0x2E, 0x01, 0x2E, 0x00, 0x00,
0x00, 0x08, 0xF8, 0x08, 0xF8, 0x00, 0x00, 0x00, 0x00, 0x00, 0x00, 0x00, 0x00, 0x00, 0x00, 0x00,
0x08, 0xF8, 0x00, 0x00, 0x00, 0x00, 0x00, 0x01, 0x32, 0x00, 0x00, 0x00, 0x00, 0x08, 0xFF, 0xFF,
0xF8, 0x00, 0x00, 0x28, 0xF9, 0x34, 0x34, 0x32, 0x28, 0xF8, 0x28, 0xFF, 0xFF, 0xFF, 0xFF, 0xFF,
0xF8, 0x28, 0xF9, 0x30, 0x30, 0x30, 0x30, 0x2E, 0x1F, 0xC7, 0x34, 0x34, 0x32, 0x00, 0x00, 0x00,
0x08, 0xFF, 0xFF, 0xF8, 0x00, 0x00, 0x00, 0x00, 0x08, 0xF8, 0x00, 0x00, 0x00, 0x00, 0x00, 0x00,
0x00, 0x00, 0x00, 0x00, 0x00, 0x08, 0xF8, 0x08, 0xF8, 0x00, 0x00, 0x00, 0x01, 0x2E, 0x01, 0x2E,
0x00, 0x00, 0x00, 0x00, 0x00, 0x00, 0x00, 0x00, 0x00, 0x00, 0x08, 0xFF, 0xFF, 0xF8, 0x00, 0x00,
0x28, 0xF9, 0x34, 0x34, 0x32, 0x28, 0xF8, 0x28, 0xF8, 0x00, 0x00, 0x00, 0x08, 0x32, 0x28, 0xF8,
0x08, 0xFF, 0xFF, 0xFF, 0xF8, 0x28, 0xF8, 0x01, 0x30, 0x30, 0x50, 0xF8, 0x28, 0xF8, 0x00, 0x00,
0x00, 0x28, 0xF8, 0x1F, 0xC7, 0x34, 0x34, 0x32, 0x1F, 0xC5, 0x00, 0x08, 0xFF, 0xFF, 0xF8, 0x00,
0x00, 0x00, 0x00, 0x01, 0x2E, 0x00, 0x00, 0x00, 0x00, 0x00, 0x08, 0xF8, 0x00, 0x00, 0x00, 0x00,
0x00, 0x00, 0x00, 0x00, 0x00, 0x00, 0x00, 0x08, 0xF8, 0x08, 0xF8, 0x00, 0x00, 0x00, 0x01, 0x32,
0x01, 0x32, 0x00, 0x00, 0x00, 0x08, 0xFF, 0xF8, 0x00, 0x28, 0xF8, 0x28, 0xF9, 0x34, 0x3A, 0xFF,
0xFF, 0xF8, 0x28, 0xF8, 0x00, 0x01, 0x34, 0x53, 0xF8, 0x00, 0x08, 0xFF, 0xFF, 0xFF, 0xFF, 0xF8,
0x00, 0x01, 0x30, 0x30, 0x30, 0x50, 0xF8, 0x08, 0x34, 0x34, 0x34, 0x32, 0x28, 0xF8, 0x28, 0xFF,
0xFF, 0xFF, 0xF8, 0x00, 0x00, 0x00, 0x08, 0xF8, 0x08, 0xF8, 0x00, 0x00, 0x00, 0x00, 0x00, 0x00,
0x00, 0x00, 0x00, 0x00, 0x00, 0x08, 0xF8, 0x00, 0x00, 0x00, 0x00, 0x00, 0x01, 0x2E, 0x00, 0x00,
0x00, 0x00, 0x00, 0x00, 0x00, 0x00, 0x00, 0x00, 0x00, 0x08, 0xFF, 0xFF, 0xF8, 0x00, 0x00, 0x28,
0xF9, 0x34, 0x34, 0x32, 0x28, 0xF8, 0x28, 0xF8, 0x00, 0x00, 0x00, 0x08, 0x32, 0x28, 0xF8, 0x08,
0xFF, 0xFF, 0xFF, 0xF8, 0x28, 0xF8, 0x01, 0x30, 0x30, 0x50, 0xF8, 0x28, 0xF8, 0x00, 0x00, 0x00,
0x28, 0xF8, 0x1F, 0xC7, 0x34, 0x34, 0x32, 0x1F, 0xC5, 0x00, 0x08, 0xFF, 0xFF, 0xF8, 0x00, 0x00,
0x00, 0x01, 0x2E, 0x01, 0x2E, 0x00, 0x00, 0x00, 0x08, 0xF8, 0x08, 0xF8, 0x00, 0x00, 0x00, 0x00,
0x00, 0x00, 0x00, 0x00, 0x00, 0x00, 0x00, 0x08, 0xF8, 0x00, 0x00, 0x00, 0x00, 0x00, 0x01, 0x32,
0x00, 0x00, 0x00, 0x00, 0x08, 0xFF, 0xF8, 0x00, 0x28, 0xF8, 0x28, 0xF9, 0x34, 0x3A, 0xFF, 0xFF,
0xF8, 0x28, 0xF8, 0x00, 0x01, 0x34, 0x53, 0xF8, 0x00, 0x08, 0xFF, 0xFF, 0xFF, 0xFF, 0xF8, 0x00,
0x01, 0x30, 0x30, 0x30, 0x50, 0xF8, 0x08, 0x34, 0x34, 0x34, 0x32, 0x28, 0xF8, 0x28, 0xFF, 0xFF,
0xFF, 0xF8, 0x00, 0x00, 0x00, 0x00, 0x28, 0xF8, 0x00, 0x00, 0x00, 0x00, 0x00, 0x07, 0x2E, 0x00,
0x00, 0x00, 0x00, 0x00, 0x00, 0x00, 0x00, 0x00, 0x00, 0x00, 0x00, 0xFF, 0xFF, 0xFF, 0x00, 0x00,
0x28, 0xF8, 0x34, 0x34, 0x34, 0x28, 0xF8, 0x28, 0xF8, 0x00, 0x00, 0x00, 0x08, 0x32, 0x28, 0xF8,
0x28, 0xFF, 0xFF, 0xFF, 0xF8, 0x28, 0xF8, 0x07, 0x30, 0x30, 0x50, 0xF8, 0x28, 0xF8, 0x00, 0x00,
0x00, 0x28, 0xF8, 0x1F, 0xC5, 0x34, 0x34, 0x34, 0x1F, 0xC5, 0x00, 0x00, 0xFF, 0xFF, 0xFF, 0x00,
0x00, 0x00, 0x00, 0x00, 0x32, 0x08, 0x00, 0x00, 0x00, 0x00, 0x00, 0xF8, 0x28, 0x00, 0x00, 0x00,
0x00, 0x00, 0x00, 0x00, 0x00, 0x00, 0x00, 0x00, 0xFF, 0xFF, 0x28, 0x28, 0xF8, 0x28, 0xF8, 0x34,
0x34, 0xE0, 0xFF, 0xF8, 0x28, 0xF8, 0x00, 0x00, 0x2B, 0x53, 0xF8, 0x00, 0x08, 0xFF, 0xFF, 0xFF,
0xFF, 0xF8, 0x00, 0x01, 0x30, 0x30, 0x30, 0x50, 0xF8, 0x08, 0x34, 0x34, 0x34, 0x34, 0x53, 0xF8,
0x28, 0xFF, 0xFF, 0xFF, 0xFF, 0xD8, 0x00, 0x00, 0x00, 0xFF, 0xFF, 0xFF, 0x00, 0x00, 0x28, 0xF8,
0x34, 0x34, 0x34, 0x28, 0xF8, 0x28, 0xF8, 0x00, 0x00, 0x00, 0x08, 0x32, 0x28, 0xF8, 0x28, 0xFF,
0xFF, 0xFF, 0xF8, 0x28, 0xF8, 0x07, 0x30, 0x30, 0x50, 0xF8, 0x28, 0xF8, 0x00, 0x00, 0x00, 0x28,
0xF8, 0x1F, 0xC5, 0x34, 0x34, 0x34, 0x1F, 0xC5, 0x00, 0x00, 0xFF, 0xFF, 0xFF, 0x00, 0x00, 0x00,
0x00, 0x00, 0x00, 0x00, 0x00, 0x00, 0x00, 0x08, 0xFF, 0xF8, 0x00, 0x00, 0x00, 0x00, 0x01, 0x50,
0xF8, 0x00, 0x00, 0x00, 0x00, 0x00, 0x0F, 0x5D, 0x00, 0x00, 0x00, 0x00, 0x00, 0x00, 0x60, 0x0F,
0x00, 0x00, 0x00, 0x00, 0x00, 0xF8, 0x53, 0x2B, 0x00, 0x00, 0x00, 0x00, 0xF8, 0xFF, 0xD8, 0x00,
0x00, 0x00, 0x00, 0x00, 0x00, 0x00, 0x00, 0x00, 0x00, 0xFF, 0xFF, 0x28, 0x28, 0xF8, 0x28, 0xF8,
0x34, 0x34, 0xE0, 0xFF, 0xF8, 0x28, 0xF8, 0x00, 0x00, 0x2B, 0x53, 0xF8, 0x00, 0x08, 0xFF, 0xFF,
0xFF, 0xFF, 0xF8, 0x00, 0x01, 0x30, 0x30, 0x30, 0x50, 0xF8, 0x08, 0x34, 0x34, 0x34, 0x34, 0x53,
0xF8, 0x28, 0xFF, 0xFF, 0xFF, 0xFF, 0xD8, 0x00, 0x00, 0x00, 0x08, 0xF8, 0x00, 0x00, 0x00, 0x00,
0x00, 0x00, 0x00, 0x00, 0x00, 0x00, 0x00, 0x08, 0xF8, 0x08, 0xF8, 0x00, 0x00, 0x00, 0x01, 0x2E,
0x01, 0x2E, 0x00, 0x00, 0x00, 0x00, 0x00, 0x00, 0x00, 0x00, 0x00, 0x28, 0xF8, 0x00, 0x00, 0x00,
0x28, 0xF8, 0x28, 0xF8, 0x00, 0x00, 0x00, 0x28, 0xF8, 0x28, 0xF8, 0x00, 0x00, 0x00, 0x28, 0xF8,
0x28, 0xFF, 0xFF, 0xFF, 0xFF, 0xFF, 0xF8, 0x28, 0xF9, 0x30, 0x30, 0x30, 0x50, 0xF8, 0x28, 0xF8,
0x00, 0x00, 0x00, 0x28, 0xF8, 0x28, 0xF8, 0x00, 0x00, 0x00, 0x28, 0xF8, 0x28, 0xF8, 0x00, 0x00,
0x00, 0x28, 0xF8, 0x00, 0x08, 0xF8, 0x00, 0x00, 0x00, 0x00, 0x00, 0x00, 0x00, 0x00, 0x00, 0x00,
0x00, 0x28, 0xF8, 0x08, 0xF8, 0x00, 0x00, 0x00, 0x07, 0x2E, 0x01, 0x2E, 0x00, 0x00, 0x00, 0x00,
0x00, 0x00, 0x00, 0x00, 0x00, 0x00, 0x28, 0xF8, 0x00, 0x00, 0x00, 0x00, 0x00, 0x28, 0xF8, 0x00,
0x00, 0x00, 0x00, 0x00, 0x28, 0xF8, 0x08, 0xFF, 0xFF, 0x20, 0x00, 0x28, 0xFF, 0xF9, 0x34, 0x34,
0x2E, 0xF8, 0x28, 0xF9, 0x32, 0x00, 0x00, 0x28, 0xF8, 0x28, 0xF8, 0x00, 0x00, 0x00, 0x28, 0xF8,
0x28, 0xF8, 0x00, 0x00, 0x00, 0x28, 0xF8, 0x28, 0xF8, 0x00, 0x00, 0x00, 0x28, 0xF8, 0x28, 0xF8,
0x00, 0x00, 0x00, 0x28, 0xF8, 0x00, 0xFF, 0xFF, 0xFF, 0xFF, 0xFF, 0xFF, 0xFF, 0xFF, 0x50, 0xF9,
0x30, 0x30, 0x30, 0x50, 0xF9, 0x30, 0x28, 0xFF, 0xFF, 0xFF, 0xFF, 0xFF, 0xF8, 0x00, 0x28, 0xF9,
0x30, 0x30, 0x30, 0x50, 0xF8, 0x00, 0x28, 0xF8, 0x00, 0x00, 0x00, 0x28, 0xF8, 0x00, 0x28, 0xF8,
0x00, 0x00, 0x00, 0x28, 0xF8, 0x00, 0x28, 0xF8, 0x00, 0x00, 0x00, 0x28, 0xF8, 0x00, 0x14, 0x7C,
0x00, 0x00, 0x00, 0x00, 0x00, 0x28, 0xF8, 0x00, 0x00, 0x00, 0x00, 0x00, 0xFF, 0xFF, 0xFF, 0x00,
0x00, 0x00, 0x00, 0x53, 0xF9, 0x34, 0x00, 0x00, 0x00, 0x00, 0x28, 0xF8, 0x00, 0x28, 0xFF, 0xFF,
0x00, 0x28, 0xFF, 0xFF, 0x08, 0x34, 0x34, 0xF8, 0x28, 0xF9, 0x34, 0x00, 0x00, 0x00, 0xF8, 0x28,
0xF8, 0x00, 0x00, 0x00, 0x00, 0xF8, 0x28, 0xF8, 0x00, 0x00, 0x00, 0x00, 0xF8, 0x28, 0xF8, 0x00,
0x00, 0x00, 0x00, 0xF8, 0x00, 0x00, 0x00, 0x00, 0x00, 0x04, 0x1B, 0x00, 0x00, 0xFF, 0xFF, 0x28,
0x28, 0xF8, 0x28, 0xF8, 0x00, 0xF8, 0xFF, 0x33, 0x17, 0x07, 0x2E, 0x00, 0x2E, 0x30, 0x09, 0x00,
0x00, 0x00, 0x00, 0x00, 0x00, 0x00, 0x00, 0x00, 0x00, 0xFF, 0xFF, 0xFF, 0x30, 0x00, 0x00, 0x00,
0x34, 0xF9, 0x53, 0x09, 0x00, 0x00, 0x00, 0x00, 0xF8, 0x28, 0x00, 0x00, 0x00, 0x00, 0x00, 0xF8,
0x28, 0x00, 0x00, 0x00, 0x00, 0x00, 0xF8, 0x28, 0x00, 0x00, 0x00, 0x00, 0x00, 0xF8, 0x28, 0x00,
0x00, 0x00, 0x00, 0x34, 0xF9, 0x53, 0x09, 0x00, 0x00, 0x00, 0xFF, 0xFF, 0xFF, 0x30, 0x00, 0x00,
0x00, 0x34, 0x34, 0x08, 0x00, 0x00, 0x00, 0x00, 0xFC, 0xFF, 0x28, 0x0B, 0x49, 0x08, 0x32, 0x00,
0xF8, 0x53, 0x2D, 0xDC, 0x28, 0xF8, 0x00, 0xF8, 0xFF, 0x30, 0x00, 0x00, 0x00, 0x00, 0x00, 0x00,
0x00, 0x00, 0x00, 0x00, 0x00, 0xF8, 0x28, 0x00, 0x00, 0x00, 0x00, 0x00, 0xF8, 0x28, 0x00, 0x00,
0x00, 0x00, 0x00, 0xF8, 0x28, 0x00, 0x00, 0x00, 0x00, 0x00, 0xF8, 0x28, 0x00, 0x00, 0x00, 0x00,
0x00, 0xF8, 0x28, 0x00, 0x00, 0x00, 0x00, 0x00, 0xF8, 0x28, 0x00, 0x00, 0xFF, 0xFF, 0xFF, 0xFF,
0xFF, 0xFF, 0x30, 0x30, 0x30, 0x30, 0x30, 0x30, 0x00, 0x00, 0x00, 0x00, 0x00, 0x00, 0x50, 0xFF,
0xFF, 0xB0, 0x00, 0x00, 0x10, 0x53, 0xF9, 0x23, 0x00, 0x00, 0x00, 0x28, 0xF8, 0x00, 0x00, 0x00,
0x00, 0x28, 0xF8, 0x00, 0x00, 0x00, 0x00, 0x28, 0xF8, 0x00, 0x00, 0x00, 0x00, 0x28, 0xF8, 0x00,
0x00, 0x00, 0x10, 0x53, 0xF9, 0x23, 0x00, 0x00, 0x50, 0xFF, 0xFF, 0xB0, 0x00, 0x00, 0x34, 0x34,
0x34, 0x34, 0x34, 0x34, 0xFF, 0xFF, 0xFF, 0xFF, 0xFF, 0xFF, 0x00, 0x00, 0x00, 0x00, 0x00, 0x00,
0x00, 0x28, 0xF8, 0x00, 0x00, 0x00, 0x00, 0x28, 0xF8, 0x00, 0x00, 0x00, 0x00, 0x28, 0xF8, 0x00,
0x00, 0x00, 0x00, 0x28, 0xF8, 0x00, 0x00, 0x00, 0x00, 0x28, 0xF8, 0x00, 0x00, 0x00, 0x00, 0x28,
0xF8, 0x00, 0x00, 0x00, 0x28, 0xF8, 0x00, 0x00, 0x00, 0x28, 0xF8, 0x00, 0x00, 0xFF, 0xFF, 0xFF,
0x00, 0x00, 0x00, 0x00, 0x30, 0x30, 0x30, 0x00, 0x00, 0x00, 0x00, 0x00, 0x00, 0x00, 0x00, 0x00,
0x00, 0x00, 0xFF, 0xFF, 0xFF, 0x00, 0x00, 0x00, 0x00, 0x53, 0xF9, 0x34, 0x00, 0x00, 0x00, 0x00,
0x28, 0xF8, 0x00, 0x00, 0x00, 0x00, 0x00, 0x28, 0xF8, 0x00, 0x00, 0x00, 0x00, 0x00, 0x28, 0xF8,
0x00, 0x00, 0x00, 0x00, 0x00, 0x28, 0xF8, 0x00, 0x00, 0x00, 0x00, 0x00, 0x53, 0xF9, 0x34, 0x00,
0x00, 0x00, 0x00, 0xFF, 0xFF, 0xFF, 0x00, 0x00, 0x28, 0xF8, 0x00, 0x00, 0x00, 0x28, 0xF8, 0x07,
0x2E, 0x00, 0x00, 0x00, 0x07, 0x2E, 0x00, 0x00, 0xFF, 0xFF, 0xFF, 0x00, 0x00, 0x00, 0x00, 0x34,
0x34, 0x34, 0x00, 0x00, 0x00, 0x00, 0x28, 0xF8, 0x00, 0x00, 0x00, 0x00, 0x00, 0x28, 0xF8, 0x00,
0x00, 0x00, 0x00, 0x00, 0x28, 0xF8, 0x00, 0x00, 0x00, 0x00, 0x00, 0x28, 0xF8, 0x00, 0x00, 0x00,
0x00, 0x00, 0x28, 0xF8, 0x00, 0x00, 0x00, 0x00, 0x00, 0x28, 0xF8, 0x00, 0x00, 0x00, 0x28, 0xFF,
0xFF, 0xFF, 0x20, 0x08, 0x3A, 0xF9, 0x34, 0x06, 0x00, 0x08, 0xF8, 0x00, 0x00, 0x00, 0x08, 0xF8,
0x00, 0x00, 0x00, 0x08, 0xF8, 0x00, 0x00, 0x00, 0x08, 0xF8, 0x00, 0x00, 0x08, 0x3A, 0xF9, 0x34,
0x06, 0x28, 0xFF, 0xFF, 0xFF, 0x20, 0x00, 0x08, 0xF8, 0x00, 0x00, 0x28, 0xF8, 0x00, 0x00, 0x00,
0x00, 0x08, 0xFF, 0xFF, 0x20, 0x00, 0x01, 0x30, 0x30, 0x06, 0x00, 0x01, 0x32, 0x00, 0x00, 0x00,
0x08, 0xF8, 0x00, 0x00, 0x00, 0x00, 0x00, 0x00, 0x00, 0x00, 0x08, 0xF8, 0x00, 0x00, 0x00, 0x08,
0xF8, 0x00, 0x00, 0x00, 0x08, 0xF8, 0x00, 0x00, 0x00, 0x08, 0xF8, 0x00, 0x00, 0x00, 0x08, 0xF8,
0x00, 0x00, 0x00, 0x08, 0xF8, 0x00, 0x00, 0x28, 0xF8, 0x00, 0x00, 0x00, 0x00, 0x08, 0xFF, 0xFF,
0x20, 0x00, 0x01, 0x30, 0x30, 0x06, 0x28, 0xF8, 0x00, 0x07, 0x2E, 0x00, 0x00, 0x00, 0x00, 0xFF,
0xFF, 0xFF, 0x53, 0xF9, 0x34, 0x28, 0xF8, 0x00, 0x28, 0xF8, 0x00, 0x28, 0xF8, 0x00, 0x28, 0xF8,
0x00, 0x53, 0xF9, 0x34, 0xFF, 0xFF, 0xFF, 0x28, 0xF8, 0x28, 0xF8, 0x28, 0xF8, 0x28, 0xF8, 0x28,
0xF8, 0x28, 0xF8, 0xFF, 0xFF, 0xFF, 0x00, 0x00, 0x00, 0x00, 0xFF, 0xFF, 0xFF, 0xFF, 0xFF, 0xFF,
0x53, 0xF9, 0x34, 0x00, 0x00, 0x00, 0x00, 0x34, 0x34, 0xF9, 0x34, 0x34, 0x34, 0x28, 0xF8, 0x00,
0x00, 0x00, 0x00, 0x00, 0x00, 0x00, 0xF8, 0x00, 0x00, 0x00, 0x28, 0xF8, 0x00, 0x00, 0x00, 0x00,
0x00, 0x00, 0x00, 0xF8, 0x00, 0x00, 0x00, 0x28, 0xF8, 0x00, 0x00, 0x00, 0x00, 0x00, 0x00, 0x00,
0xF8, 0x00, 0x00, 0x00, 0x28, 0xF8, 0x00, 0x00, 0x00, 0x00, 0x00, 0x00, 0x00, 0xF8, 0x00, 0x00,
0x00, 0x53, 0xF9, 0x34, 0x00, 0x1F, 0xC5, 0x34, 0x34, 0x34, 0xC5, 0x00, 0x00, 0x00, 0xFF, 0xFF,
0xFF, 0x00, 0x00, 0x00, 0xFF, 0xFF, 0xFF, 0x00, 0x00, 0x00, 0x00, 0x00, 0x00, 0x07, 0x2E, 0x00,
0x07, 0x2E, 0x00, 0x00, 0x28, 0xF8, 0x00, 0x28, 0xF8, 0x00, 0x00, 0x00, 0x00, 0x00, 0x00, 0x00,
0x00, 0x00, 0x28, 0xF8, 0x00, 0x28, 0xF8, 0x00, 0x00, 0x28, 0xF8, 0x00, 0x28, 0xF8, 0x00, 0x00,
0x28, 0xF8, 0x00, 0x28, 0xF8, 0x00, 0x00, 0x28, 0xF8, 0x00, 0x28, 0xF8, 0x00, 0x00, 0x28, 0xF8,
0x00, 0x28, 0xF8, 0x00, 0x00, 0x00, 0x00, 0x00, 0x28, 0xF8, 0x28, 0xF8, 0x00, 0x00, 0x00, 0x28,
0xF8, 0x00, 0x00, 0xFF, 0xFF, 0xFF, 0x00, 0x00, 0x00, 0x00, 0x30, 0x30, 0x30, 0x00, 0x00, 0x00,
0x00, 0x00, 0x00, 0x00, 0x28, 0xF8, 0x00, 0x00, 0x00, 0x00, 0x00, 0x00, 0x00, 0x00, 0x00, 0x00,
0x00, 0x00, 0x00, 0x00, 0x20, 0xFF, 0x00, 0x08, 0xF8, 0x00, 0x00, 0x00, 0x00, 0x06, 0x30, 0x00,
0x01, 0x2E, 0x00, 0x00, 0x00, 0x00, 0x00, 0x00, 0x00, 0x00, 0x00, 0x00, 0x00, 0x00, 0x00, 0xFF,
0xFF, 0xFF, 0xFF, 0xFF, 0xFF, 0x00, 0x00, 0x00, 0x34, 0x34, 0x53, 0xF9, 0x34, 0x34, 0x00, 0x00,
0x00, 0x00, 0x00, 0x28, 0xF8, 0x00, 0x00, 0x00, 0x00, 0x00, 0x00, 0x00, 0x28, 0xF8, 0x00, 0x00,
0x00, 0x00, 0x00, 0x00, 0x00, 0x28, 0xF8, 0x00, 0x00, 0x00, 0x00, 0x00, 0x00, 0x00, 0x28, 0xF8,
0x00, 0x00, 0x1F, 0xC5, 0x34, 0x34, 0x34, 0x1F, 0xC5, 0x00, 0x00, 0x00, 0x00, 0xFF, 0xFF, 0xFF,
0x00, 0x00, 0x00, 0x00, 0x00, 0x00, 0x00, 0x00, 0x00, 0x07, 0x2E, 0x00, 0x00, 0x00, 0x00, 0x00,
0x00, 0x28, 0xF8, 0x00, 0x00, 0x00, 0x00, 0x00, 0x00, 0x00, 0x00, 0x00, 0x00, 0x00, 0x00, 0x20,
0xFF, 0x00, 0x08, 0xF8, 0x00, 0x00, 0x00, 0x06, 0x34, 0x00, 0x01, 0x32, 0x00, 0x00, 0x00, 0x00,
0x00, 0x28, 0xF8, 0x00, 0x00, 0x00, 0x00, 0x00, 0x00, 0x28, 0xF8, 0x00, 0x00, 0x00, 0x00, 0x00,
0x00, 0x28, 0xF8, 0x00, 0x00, 0x00, 0x00, 0x00, 0x00, 0x28, 0xF8, 0x00, 0x08, 0x32, 0x00, 0x00,
0x00, 0x28, 0xF8, 0x00, 0x28, 0xF8, 0x34, 0x34, 0x34, 0x28, 0xF8, 0x00, 0x00, 0x00, 0xFF, 0xFF,
0xFF, 0x00, 0x00, 0x00, 0x28, 0xF8, 0x00, 0x00, 0x00, 0x28, 0xF8, 0x28, 0xF8, 0x00, 0x08, 0xF8,
0x08, 0x32, 0x28, 0xF8, 0x28, 0xF8, 0x00, 0x00, 0x00, 0x28, 0xFF, 0xE0, 0x32, 0x00, 0x00, 0x00,
0x28, 0xF8, 0x28, 0xF8, 0x00, 0x00, 0x00, 0x28, 0xF8, 0x07, 0x2E, 0x00, 0x00, 0x00, 0x28, 0xF8,
0x00, 0x06, 0xC5, 0x08, 0x32, 0x28, 0xF8, 0x00, 0x00, 0x00, 0x28, 0xF8, 0x00, 0x00, 0x00, 0x00,
0x00, 0x00, 0x00, 0x00, 0x08, 0xFF, 0xF8, 0x00, 0x00, 0x00, 0x00, 0x01, 0x50, 0xF8, 0x00, 0x00,
0x00, 0x00, 0x00, 0x0F, 0x5D, 0x00, 0x00, 0x00, 0x28, 0xF8, 0x00, 0x00, 0x00, 0x28, 0xF8, 0x00,
0x00, 0x00, 0x28, 0xF8, 0x00, 0x08, 0xF8, 0x28, 0xF8, 0x28, 0xF9, 0x32, 0x28, 0xFF, 0xD8, 0x00,
0x00, 0x28, 0xF9, 0x28, 0x00, 0x00, 0x28, 0xF8, 0x1F, 0xC7, 0x32, 0x28, 0xF8, 0x00, 0x08, 0xF8,
0x00, 0x00, 0x00, 0x00, 0x00, 0x00, 0x08, 0xFF, 0xF8, 0x00, 0x00, 0x01, 0x50, 0xF8, 0x00, 0x00,
0x00, 0x0F, 0x5D, 0x00, 0x28, 0xF8, 0x00, 0x08, 0xF8, 0x28, 0xF8, 0x28, 0xF9, 0x32, 0x28, 0xFF,
0xD8, 0x00, 0x00, 0x28, 0xF9, 0x28, 0x00, 0x00, 0x28, 0xF8, 0x1F, 0xC7, 0x32, 0x28, 0xF8, 0x00,
0x08, 0xF8, 0x00, 0x08, 0xF8, 0x00, 0x00, 0x00, 0x00, 0x00, 0x00, 0x00, 0x00, 0x00, 0x00, 0x00,
0x28, 0xF8, 0x00, 0x00, 0x00, 0x00, 0x00, 0x07, 0x2E, 0x00, 0x00, 0x00, 0x00, 0x00, 0x00, 0x00,
0x00, 0x00, 0x00, 0x00, 0x00, 0x28, 0xF8, 0x00, 0x00, 0x00, 0x00, 0x00, 0x28, 0xF8, 0x00, 0x00,
0x00, 0x00, 0x00, 0x28, 0xF8, 0x00, 0x00, 0x00, 0x00, 0x00, 0x28, 0xF8, 0x00, 0x00, 0x00, 0x00,
0x00, 0x28, 0xF8, 0x00, 0x00, 0x00, 0x00, 0x00, 0x28, 0xF8, 0x00, 0x00, 0x00, 0x00, 0x00, 0x28,
0xF9, 0x34, 0x34, 0x34, 0x34, 0x11, 0x28, 0xFF, 0xFF, 0xFF, 0xFF, 0xFF, 0x58, 0x00, 0x08, 0xF8,
0x00, 0x00, 0x00, 0x28, 0xF8, 0x00, 0x07, 0x2E, 0x00, 0x00, 0x00, 0x00, 0x28, 0xF8, 0x00, 0x28,
0xF8, 0x00, 0x28, 0xF8, 0x00, 0x28, 0xF8, 0x00, 0x28, 0xF8, 0x00, 0x28, 0xF8, 0x00, 0x28, 0xF8,
0x00, 0x28, 0xF8, 0x00, 0x28, 0xF8, 0x00, 0x00, 0x00, 0x00, 0x00, 0x28, 0xF8, 0x00, 0x00, 0x00,
0x00, 0x00, 0x28, 0xF8, 0x00, 0x00, 0x00, 0x00, 0x00, 0x28, 0xF8, 0x00, 0x00, 0x00, 0x00, 0x00,
0x28, 0xF8, 0x00, 0x00, 0x00, 0x00, 0x00, 0x28, 0xF8, 0x00, 0x00, 0x00, 0x00, 0x00, 0x28, 0xF9,
0x34, 0x34, 0x34, 0x34, 0x0B, 0x28, 0xFF, 0xFF, 0xFF, 0xFF, 0xFF, 0x38, 0x00, 0x00, 0x00, 0x00,
0x00, 0x00, 0x00, 0x00, 0x08, 0xFF, 0xF8, 0x00, 0x00, 0x00, 0x00, 0x01, 0x50, 0xF8, 0x00, 0x00,
0x00, 0x00, 0x00, 0x0F, 0x5D, 0x00, 0x00, 0x00, 0x00, 0x28, 0xF8, 0x00, 0x28, 0xF8, 0x00, 0x28,
0xF8, 0x00, 0x28, 0xF8, 0x00, 0x28, 0xF8, 0x00, 0x28, 0xF8, 0x00, 0x28, 0xF8, 0x00, 0x28, 0xF8,
0x00, 0x00, 0x00, 0x48, 0xFF, 0xF8, 0x0D, 0x50, 0xF8, 0x00, 0x0F, 0x5D, 0x28, 0xF8, 0x28, 0xF8,
0x00, 0x00, 0x00, 0x28, 0xF8, 0x28, 0xF8, 0x00, 0x00, 0x00, 0x28, 0xF8, 0x06, 0x26, 0x00, 0x00,
0x00, 0x28, 0xF8, 0x00, 0x00, 0x00, 0x00, 0x00, 0x28, 0xF8, 0x00, 0x00, 0x00, 0x00, 0x00, 0x28,
0xF8, 0x00, 0x00, 0x00, 0x00, 0x00, 0x28, 0xF9, 0x34, 0x34, 0x34, 0x34, 0x0B, 0x28, 0xFF, 0xFF,
0xFF, 0xFF, 0xFF, 0x38, 0x28, 0xF8, 0x28, 0xF8, 0x28, 0xF8, 0x28, 0xF8, 0x28, 0xF8, 0x06, 0x26,
0x28, 0xF8, 0x00, 0x00, 0x28, 0xF8, 0x00, 0x00, 0x28, 0xF8, 0x00, 0x00, 0x28, 0xF8, 0x00, 0x00,
0x28, 0xF8, 0x00, 0x00, 0x28, 0xF8, 0x00, 0x00, 0x00, 0x00, 0x00, 0x28, 0xF8, 0x00, 0x00, 0x00,
0x00, 0x00, 0x28, 0xF8, 0x00, 0x00, 0x00, 0x00, 0x00, 0x28, 0xF8, 0x28, 0xF8, 0x00, 0x00, 0x00,
0x28, 0xF8, 0x07, 0x2E, 0x00, 0x00, 0x00, 0x28, 0xF8, 0x00, 0x00, 0x00, 0x00, 0x00, 0x28, 0xF9,
0x34, 0x34, 0x34, 0x34, 0x0B, 0x28, 0xFF, 0xFF, 0xFF, 0xFF, 0xFF, 0x38, 0x28, 0xF8, 0x00, 0x00,
0x28, 0xF8, 0x00, 0x00, 0x28, 0xF8, 0x00, 0x00, 0x28, 0xF8, 0x28, 0xF8, 0x28, 0xF8, 0x07, 0x2E,
0x28, 0xF8, 0x00, 0x00, 0x28, 0xF8, 0x00, 0x00, 0x28, 0xF8, 0x00, 0x00, 0x00, 0x28, 0xF8, 0x00,
0x00, 0x00, 0x00, 0x00, 0x00, 0x28, 0xF8, 0x00, 0x00, 0x00, 0x00, 0x00, 0x00, 0x28, 0xFF, 0xFF,
0x18, 0x00, 0x00, 0x00, 0x48, 0xFF, 0xF9, 0x34, 0x04, 0x00, 0x00, 0x00, 0x0D, 0x50, 0xF8, 0x00,
0x00, 0x00, 0x00, 0x00, 0x00, 0x28, 0xF8, 0x00, 0x00, 0x00, 0x00, 0x00, 0x00, 0x28, 0xF9, 0x34,
0x34, 0x34, 0x34, 0x18, 0x00, 0x28, 0xFF, 0xFF, 0xFF, 0xFF, 0xFF, 0x78, 0x00, 0x28, 0xF8, 0x00,
0x00, 0x00, 0x28, 0xF8, 0x00, 0x00, 0x00, 0x28, 0xFF, 0xFF, 0x18, 0x00, 0x28, 0xF9, 0x34, 0x04,
0x48, 0xFF, 0xF8, 0x00, 0x00, 0x0D, 0x50, 0xF8, 0x00, 0x00, 0x00, 0x28, 0xF8, 0x00, 0x00, 0x00,
0x28, 0xF8, 0x00, 0x00, 0x00, 0x00, 0x00, 0x08, 0xF8, 0x00, 0x00, 0x00, 0x00, 0x00, 0x00, 0x00,
0x00, 0x00, 0x00, 0x00, 0x28, 0xF8, 0x00, 0x00, 0x00, 0x00, 0x00, 0x07, 0x2E, 0x00, 0x00, 0x00,
0x00, 0x00, 0x00, 0x00, 0x00, 0x00, 0x00, 0x28, 0xF8, 0x00, 0x00, 0x00, 0x28, 0xF8, 0x28, 0xFF,
0xD8, 0x00, 0x00, 0x28, 0xF8, 0x28, 0xF8, 0x28, 0xF8, 0x00, 0x28, 0xF8, 0x28, 0xF8, 0x08, 0x3A,
0xFF, 0xFF, 0xF8, 0x28, 0xF8, 0x00, 0x01, 0x30, 0x50, 0xF8, 0x28, 0xF8, 0x00, 0x00, 0x00, 0x28,
0xF8, 0x28, 0xF8, 0x00, 0x00, 0x00, 0x28, 0xF8, 0x28, 0xF8, 0x00, 0x00, 0x00, 0x28, 0xF8, 0x00,
0x00, 0x00, 0x01, 0x2E, 0x00, 0x00, 0x00, 0x00, 0x00, 0x08, 0xF8, 0x00, 0x00, 0x00, 0x00, 0x00,
0x00, 0x00, 0x00, 0x00, 0x00, 0x00, 0x28, 0xF8, 0x00, 0x00, 0x00, 0x00, 0x00, 0x08, 0x32, 0x00,
0x00, 0x00, 0x28, 0xF8, 0x28, 0xFF, 0xF8, 0x00, 0x00, 0x28, 0xFF, 0xE0, 0x34, 0x32, 0x28, 0xF8,
0x28, 0xF9, 0x2B, 0x00, 0x00, 0x28, 0xF8, 0x28, 0xF8, 0x00, 0x00, 0x00, 0x28, 0xF8, 0x28, 0xF8,
0x00, 0x00, 0x00, 0x28, 0xF8, 0x28, 0xF8, 0x00, 0x00, 0x00, 0x28, 0xF8, 0x28, 0xF8, 0x00, 0x00,
0x28, 0xF8, 0x28, 0xFF, 0xD8, 0x00, 0x28, 0xF8, 0x28, 0xF8, 0x28, 0xF8, 0x28, 0xF8, 0x28, 0xF8,
0x08, 0x3A, 0xFF, 0xF8, 0x28, 0xF8, 0x00, 0x01, 0x50, 0xF8, 0x28, 0xF8, 0x00, 0x00, 0x28, 0xF8,
0x28, 0xF8, 0x00, 0x00, 0x28, 0xF8, 0x28, 0xF8, 0x00, 0x00, 0x28, 0xF8, 0x00, 0x00, 0x00, 0x00,
0x00, 0x00, 0x00, 0x08, 0xFF, 0xF8, 0x00, 0x00, 0x00, 0x01, 0x50, 0xF8, 0x00, 0x00, 0x00, 0x00,
0x0F, 0x5D, 0x00, 0x00, 0x28, 0xF8, 0x28, 0xFF, 0xFF, 0x00, 0x00, 0x28, 0xFF, 0xE0, 0x34, 0x34,
0x28, 0xF8, 0x28, 0xF9, 0x2B, 0x00, 0x00, 0x28, 0xF8, 0x28, 0xF8, 0x00, 0x00, 0x00, 0x28, 0xF8,
0x28, 0xF8, 0x00, 0x00, 0x00, 0x28, 0xF8, 0x28, 0xF8, 0x00, 0x00, 0x00, 0x28, 0xF8, 0x00, 0x00,
0x00, 0x00, 0x00, 0x00, 0x00, 0x00, 0x08, 0xFF, 0xF8, 0x00, 0x00, 0x00, 0x00, 0x01, 0x50, 0xF8,
0x00, 0x00, 0x00, 0x00, 0x00, 0x0F, 0x5D, 0x00, 0x00, 0x00, 0x00, 0x08, 0xF8, 0x08, 0xF8, 0x00,
0x00, 0x00, 0x00, 0x00, 0x00, 0x00, 0x00, 0x00, 0x00, 0x00, 0x08, 0xF8, 0x00, 0x00, 0x00, 0x00,
0x00, 0x01, 0x2E, 0x00, 0x00, 0x00, 0x00, 0x00, 0x00, 0x00, 0x00, 0x00, 0x00, 0x28, 0xF8, 0x00,
0x00, 0x00, 0x28, 0xF8, 0x28, 0xFF, 0xF8, 0x00, 0x00, 0x28, 0xF8, 0x28, 0xF8, 0x08, 0xF8, 0x00,
0x28, 0xF8, 0x28, 0xF8, 0x01, 0x3A, 0xFF, 0xFF, 0xF8, 0x28, 0xF8, 0x00, 0x01, 0x30, 0x50, 0xF8,
0x28, 0xF8, 0x00, 0x00, 0x00, 0x28, 0xF8, 0x28, 0xF8, 0x00, 0x00, 0x00, 0x28, 0xF8, 0x28, 0xF8,
0x00, 0x00, 0x00, 0x28, 0xF8, 0x00, 0x01, 0x2E, 0x01, 0x2E, 0x00, 0x00, 0x00, 0x08, 0xF8, 0x08,
0xF8, 0x00, 0x00, 0x00, 0x00, 0x00, 0x00, 0x00, 0x00, 0x00, 0x00, 0x00, 0x08, 0xF8, 0x00, 0x00,
0x00, 0x00, 0x00, 0x01, 0x32, 0x00, 0x00, 0x00, 0x28, 0xF8, 0x08, 0xFF, 0xF8, 0x00, 0x00, 0x28,
0xFF, 0xF9, 0x34, 0x32, 0x28, 0xF8, 0x28, 0xF9, 0x32, 0x00, 0x00, 0x28, 0xF8, 0x28, 0xF8, 0x00,
0x00, 0x00, 0x28, 0xF8, 0x28, 0xF8, 0x00, 0x00, 0x00, 0x28, 0xF8, 0x28, 0xF8, 0x00, 0x00, 0x00,
0x28, 0xF8, 0x28, 0xF8, 0x28, 0xF8, 0x00, 0xFF, 0xFF, 0x28, 0x00, 0x28, 0xF8, 0x28, 0xFF, 0xFF,
0x34, 0x34, 0x30, 0xF8, 0x08, 0x32, 0x28, 0xF9, 0x34, 0x00, 0x00, 0x28, 0xF8, 0x00, 0x00, 0x28,
0xF8, 0x00, 0x00, 0x00, 0x28, 0xF8, 0x00, 0x00, 0x28, 0xF8, 0x00, 0x00, 0x00, 0x28, 0xF8, 0x00,
0x00, 0x28, 0xF8, 0x00, 0x00, 0x00, 0x28, 0xF8, 0x28, 0xF8, 0x00, 0x00, 0x00, 0x28, 0xF8, 0x28,
0xFF, 0xD8, 0x00, 0x00, 0x28, 0xF8, 0x28, 0xF8, 0x28, 0xF8, 0x00, 0x28, 0xF8, 0x28, 0xF8, 0x08,
0x3A, 0xFF, 0xFF, 0xF8, 0x28, 0xF8, 0x00, 0x01, 0x30, 0x50, 0xF8, 0x28, 0xF8, 0x00, 0x00, 0x00,
0x28, 0xF8, 0x28, 0xF8, 0x00, 0x00, 0x00, 0x28, 0xF8, 0x28, 0xF8, 0x00, 0x00, 0x00, 0x28, 0xF8,
0x00, 0x00, 0x00, 0x00, 0x00, 0x28, 0xF8, 0x28, 0xFF, 0xFF, 0xFF, 0xFF, 0xD8, 0x00, 0x07, 0x30,
0x30, 0x30, 0x30, 0x28, 0x00, 0x28, 0xF8, 0x00, 0xFF, 0xFF, 0x28, 0x00, 0x28, 0xFF, 0xFF, 0x00,
0x00, 0xD8, 0x48, 0x28, 0xF9, 0x34, 0x00, 0x00, 0xD8, 0x48, 0x28, 0xF8, 0x00, 0x00, 0x00, 0xD8,
0x48, 0x28, 0xF8, 0x00, 0x00, 0x00, 0xD8, 0x48, 0x00, 0x00, 0x00, 0x00, 0x00, 0xD8, 0x48, 0x28,
0xFF, 0xFF, 0xFF, 0xFF, 0x28, 0x00, 0x07, 0x30, 0x30, 0x30, 0x30, 0x07, 0x00, 0x28, 0xFF, 0xFF,
0xFF, 0xFF, 0xFF, 0xF8, 0x07, 0x30, 0x30, 0x30, 0x30, 0x30, 0x2E, 0x00, 0x00, 0x00, 0x00, 0x00,
0x00, 0x00, 0x00, 0x00, 0xFF, 0xFF, 0xFF, 0x00, 0x00, 0x28, 0xF8, 0x34, 0x34, 0x34, 0x28, 0xF8,
0x28, 0xF8, 0x00, 0x00, 0x00, 0x28, 0xF8, 0x28, 0xF8, 0x00, 0x00, 0x00, 0x28, 0xF8, 0x28, 0xF8,
0x00, 0x00, 0x00, 0x28, 0xF8, 0x28, 0xF8, 0x00, 0x00, 0x00, 0x28, 0xF8, 0x1F, 0xC5, 0x34, 0x34,
0x34, 0x1F, 0xC5, 0x00, 0x00, 0xFF, 0xFF, 0xFF, 0x00, 0x00, 0x08, 0x34, 0x34, 0x34, 0x34, 0x34,
0x32, 0x28, 0xFF, 0xFF, 0xFF, 0xFF, 0xFF, 0xF8, 0x00, 0x00, 0x00, 0x00, 0x00, 0x00, 0x00, 0x00,
0x00, 0xFF, 0xFF, 0xFF, 0x00, 0x00, 0x28, 0xF8, 0x34, 0x34, 0x34, 0x28, 0xF8, 0x28, 0xF8, 0x00,
0x00, 0x00, 0x28, 0xF8, 0x28, 0xF8, 0x00, 0x00, 0x00, 0x28, 0xF8, 0x1F, 0xC5, 0x34, 0x34, 0x34,
0x1F, 0xC5, 0x00, 0x00, 0xFF, 0xFF, 0xFF, 0x00, 0x00, 0x28, 0xF8, 0x00, 0x00, 0x00, 0x28, 0xF8,
0x00, 0x00, 0x00, 0x00, 0x00, 0x00, 0x00, 0x00, 0x00, 0xFF, 0xFF, 0xFF, 0x00, 0x00, 0x00, 0x00,
0x30, 0x30, 0x30, 0x00, 0x00, 0x00, 0x00, 0x00, 0x00, 0x00, 0x00, 0x00, 0x00, 0x00, 0xFF, 0xFF,
0xFF, 0x00, 0x00, 0x28, 0xF8, 0x34, 0x34, 0x34, 0x28, 0xF8, 0x28, 0xF8, 0x00, 0x00, 0x00, 0x28,
0xF8, 0x28, 0xF8, 0x00, 0x00, 0x00, 0x28, 0xF8, 0x28, 0xF8, 0x00, 0x00, 0x00, 0x28, 0xF8, 0x28,
0xF8, 0x00, 0x00, 0x00, 0x28, 0xF8, 0x1F, 0xC5, 0x34, 0x34, 0x34, 0x1F, 0xC5, 0x00, 0x00, 0xFF,
0xFF, 0xFF, 0x00, 0x00, 0x07, 0x2E, 0x00, 0x00, 0x00, 0x07, 0x2E, 0x28, 0xF8, 0x00, 0x00, 0x00,
0x28, 0xF8, 0x00, 0x00, 0x00, 0x00, 0x00, 0x00, 0x00, 0x00, 0x00, 0xFF, 0xFF, 0xFF, 0x00, 0x00,
0x00, 0x00, 0x34, 0x34, 0x34, 0x00, 0x00, 0x00, 0x00, 0xFF, 0xFF, 0xFF, 0x00, 0x00, 0x28, 0xF8,
0x34, 0x34, 0x34, 0x28, 0xF8, 0x28, 0xF8, 0x00, 0x00, 0x00, 0x28, 0xF8, 0x28, 0xF8, 0x00, 0x00,
0x00, 0x28, 0xF8, 0x1F, 0xC5, 0x34, 0x34, 0x34, 0x1F, 0xC5, 0x00, 0x00, 0xFF, 0xFF, 0xFF, 0x00,
0x00, 0x00, 0x08, 0xF8, 0x00, 0x00, 0x28, 0xF8, 0x00, 0x00, 0x00, 0x00, 0x00, 0x00, 0x00, 0x28,
0xF8, 0x00, 0x28, 0xF8, 0x00, 0x00, 0x07, 0x2E, 0x00, 0x07, 0x2E, 0x00, 0x00, 0x00, 0x00, 0x00,
0x00, 0x00, 0x00, 0x00, 0x00, 0x08, 0xFF, 0xFF, 0xF8, 0x00, 0x00, 0x28, 0xF9, 0x34, 0x34, 0x32,
0x28, 0xF8, 0x28, 0xF8, 0x00, 0x00, 0x00, 0x28, 0xF8, 0x28, 0xF8, 0x00, 0x00, 0x00, 0x28, 0xF8,
0x28, 0xF8, 0x00, 0x00, 0x00, 0x28, 0xF8, 0x28, 0xF8, 0x00, 0x00, 0x00, 0x28, 0xF8, 0x1F, 0xC7,
0x34, 0x34, 0x32, 0x1F, 0xC5, 0x00, 0x08, 0xFF, 0xFF, 0xF8, 0x00, 0x00, 0x00, 0x08, 0xF8, 0x00,
0x00, 0x28, 0xF8, 0x00, 0x00, 0x00, 0x00, 0x00, 0x00, 0x00, 0x28, 0xF8, 0x00, 0x28, 0xF8, 0x00,
0x00, 0x07, 0x2E, 0x00, 0x07, 0x2E, 0x00, 0x00, 0x00, 0x00, 0x00, 0x00, 0x00, 0x00, 0x00, 0x00,
0x08, 0xFF, 0xFF, 0xF8, 0x00, 0x00, 0x28, 0xF8, 0x00, 0x00, 0x00, 0x28, 0xF8, 0x28, 0xF8, 0x00,
0x00, 0x00, 0x28, 0xF8, 0x28, 0xF8, 0x00, 0x00, 0x00, 0x28, 0xF8, 0x28, 0xF8, 0x00, 0x00, 0x00,
0x28, 0xF8, 0x28, 0xF9, 0x34, 0x34, 0x32, 0x28, 0xF8, 0x00, 0x08, 0xFF, 0xFF, 0xF8, 0x00, 0x00,
0x00, 0x08, 0xFF, 0xFF, 0xFF, 0xFF, 0xFF, 0xFF, 0xFF, 0xFF, 0xD8, 0x28, 0xF9, 0x34, 0x34, 0x34,
0x53, 0xF9, 0x34, 0x34, 0x34, 0x2B, 0x28, 0xF8, 0x00, 0x00, 0x00, 0x28, 0xF8, 0x00, 0x00, 0x00,
0x00, 0x28, 0xF8, 0x00, 0x00, 0x00, 0x28, 0xFF, 0xFF, 0xFF, 0xE0, 0x00, 0x28, 0xF8, 0x00, 0x00,
0x00, 0x28, 0xF9, 0x30, 0x30, 0x2A, 0x00, 0x28, 0xF8, 0x00, 0x00, 0x00, 0x28, 0xF8, 0x00, 0x00,
0x00, 0x00, 0x1F, 0xC7, 0x34, 0x34, 0x34, 0x53, 0xF9, 0x34, 0x34, 0x34, 0x2B, 0x00, 0x08, 0xFF,
0xFF, 0xFF, 0xFF, 0xFF, 0xFF, 0xFF, 0xFF, 0xD8, 0x00, 0x00, 0xFF, 0xFF, 0xFF, 0x00, 0x00, 0xFF,
0xFF, 0xFF, 0x00, 0x28, 0xF8, 0x34, 0x34, 0x34, 0x28, 0xF8, 0x34, 0x34, 0x34, 0xF8, 0x28, 0xF8,
0x00, 0x00, 0x00, 0x28, 0xFF, 0xFF, 0xFF, 0xFF, 0xF8, 0x28, 0xF8, 0x00, 0x00, 0x00, 0x28, 0xF9,
0x30, 0x30, 0x30, 0x2E, 0x1F, 0xC5, 0x34, 0x34, 0x34, 0x1F, 0xC5, 0x34, 0x34, 0x34, 0x00, 0x00,
0x00, 0xFF, 0xFF, 0xFF, 0x00, 0x00, 0xFF, 0xFF, 0xFF, 0x00, 0x00, 0x00, 0x00, 0x08, 0xF8, 0x00,
0x00, 0x00, 0x00, 0x00, 0x00, 0x00, 0x00, 0x00, 0x00, 0x00, 0x28, 0xF8, 0x00, 0x00, 0x00, 0x00,
0x00, 0x07, 0x2E, 0x00, 0x00, 0x00, 0x00, 0x00, 0x00, 0x00, 0x00, 0x00, 0x00, 0x28, 0xFF, 0xFF,
0xFF, 0xF8, 0x00, 0x00, 0x28, 0xF9, 0x34, 0x34, 0x32, 0x28, 0xF8, 0x28, 0xF8, 0x00, 0x00, 0x00,
0x28, 0xF8, 0x28, 0xFF, 0xFF, 0xFF, 0xF8, 0x00, 0x00, 0x28, 0xF8, 0x00, 0x00, 0x00, 0x28, 0xF8,
0x28, 0xF8, 0x00, 0x00, 0x00, 0x28, 0xF8, 0x28, 0xF8, 0x00, 0x00, 0x00, 0x28, 0xF8, 0x28, 0xF8,
0x00, 0x00, 0x00, 0x28, 0xF8, 0x00, 0x00, 0x00, 0x01, 0x2E, 0x00, 0x00, 0x00, 0x00, 0x00, 0x08,
0xF8, 0x00, 0x00, 0x00, 0x00, 0x00, 0x00, 0x00, 0x00, 0x00, 0x00, 0x00, 0x28, 0xF8, 0x00, 0x00,
0x00, 0x00, 0x00, 0x08, 0x32, 0x00, 0x00, 0x00, 0x28, 0xF8, 0x28, 0xFF, 0xF8, 0x00, 0x00, 0x28,
0xFF, 0xE0, 0x34, 0x32, 0x28, 0xF8, 0x28, 0xF9, 0x28, 0x00, 0x00, 0x07, 0x2E, 0x28, 0xF8, 0x00,
0x00, 0x00, 0x00, 0x00, 0x28, 0xF8, 0x00, 0x00, 0x00, 0x00, 0x00, 0x28, 0xF8, 0x00, 0x00, 0x00,
0x00, 0x00, 0x28, 0xFF, 0xFF, 0xFF, 0xD8, 0x00, 0x28, 0xF9, 0x34, 0x34, 0x53, 0xF8, 0x28, 0xF8,
0x00, 0x00, 0x28, 0xF8, 0x28, 0xFF, 0xFF, 0xFF, 0xD8, 0x00, 0x28, 0xF8, 0x00, 0x00, 0x28, 0xF8,
0x28, 0xF8, 0x00, 0x00, 0x28, 0xF8, 0x28, 0xF8, 0x00, 0x00, 0x28, 0xF8, 0x28, 0xF8, 0x00, 0x00,
0x28, 0xF8, 0x00, 0x00, 0x00, 0x00, 0x00, 0x00, 0x00, 0x08, 0xFF, 0xF8, 0x00, 0x00, 0x00, 0x01,
0x50, 0xF8, 0x00, 0x00, 0x00, 0x00, 0x0F, 0x5D, 0x00, 0x00, 0x28, 0xF8, 0x00, 0xFF, 0xFF, 0x28,
0x00, 0x28, 0xFF, 0xF8, 0x34, 0x34, 0x30, 0xF8, 0x28, 0xF9, 0x2E, 0x00, 0x00, 0x07, 0x2E, 0x28,
0xF8, 0x00, 0x00, 0x00, 0x00, 0x00, 0x28, 0xF8, 0x00, 0x00, 0x00, 0x00, 0x00, 0x28, 0xF8, 0x00,
0x00, 0x00, 0x00, 0x00, 0x00, 0x00, 0x00, 0x00, 0x00, 0x00, 0x00, 0x28, 0xFF, 0xF8, 0x00, 0x00,
0x00, 0x00, 0x07, 0x36, 0xF8, 0x00, 0x00, 0x00, 0x00, 0x00, 0x03, 0x5D, 0x00, 0x00, 0x00, 0x00,
0x00, 0x08, 0xF8, 0x08, 0xF8, 0x00, 0x00, 0x00, 0x00, 0x00, 0x00, 0x00, 0x00, 0x00, 0x00, 0x00,
0x08, 0xF8, 0x00, 0x00, 0x00, 0x00, 0x00, 0x01, 0x2E, 0x00, 0x00, 0x00, 0x00, 0x00, 0x00, 0x00,
0x00, 0x00, 0x00, 0x28, 0xFF, 0xFF, 0xFF, 0xFF, 0xD8, 0x00, 0x28, 0xF9, 0x34, 0x34, 0x34, 0x53,
0xF8, 0x28, 0xF8, 0x00, 0x00, 0x00, 0x28, 0xF8, 0x28, 0xFF, 0xFF, 0xFF, 0xFF, 0xD8, 0x00, 0x28,
0xF8, 0x00, 0x00, 0x00, 0x28, 0xF8, 0x28, 0xF8, 0x00, 0x00, 0x00, 0x28, 0xF8, 0x28, 0xF8, 0x00,
0x00, 0x00, 0x28, 0xF8, 0x28, 0xF8, 0x00, 0x00, 0x00, 0x28, 0xF8, 0x00, 0x01, 0x2E, 0x01, 0x2E,
0x00, 0x00, 0x00, 0x08, 0xF8, 0x08, 0xF8, 0x00, 0x00, 0x00, 0x00, 0x00, 0x00, 0x00, 0x00, 0x00,
0x00, 0x00, 0x08, 0xF8, 0x00, 0x00, 0x00, 0x00, 0x00, 0x01, 0x32, 0x00, 0x00, 0x00, 0x28, 0xF8,
0x08, 0xFF, 0xF8, 0x00, 0x00, 0x28, 0xFF, 0xF9, 0x34, 0x32, 0x28, 0xF8, 0x28, 0xF9, 0x2E, 0x00,
0x00, 0x07, 0x2E, 0x28, 0xF8, 0x00, 0x00, 0x00, 0x00, 0x00, 0x28, 0xF8, 0x00, 0x00, 0x00, 0x00,
0x00, 0x28, 0xF8, 0x00, 0x00, 0x00, 0x00, 0x00, 0x00, 0x00, 0x00, 0x08, 0xFF, 0x00, 0x00, 0x00,
0x00, 0x00, 0x00, 0x00, 0x00, 0x00, 0x00, 0x00, 0x28, 0xF8, 0x00, 0x00, 0x00, 0x00, 0x00, 0x07,
0x2E, 0x00, 0x00, 0x00, 0x00, 0x00, 0x00, 0x00, 0x00, 0x00, 0x00, 0x00, 0x00, 0xFF, 0xFF, 0xFF,
0x00, 0x00, 0x28, 0xF8, 0x34, 0x34, 0x34, 0x28, 0xF8, 0x28, 0xF8, 0x00, 0x00, 0x00, 0x08, 0x32,
0x00, 0x00, 0xFF, 0xFF, 0xFF, 0x00, 0x00, 0x00, 0x00, 0x30, 0x30, 0x30, 0x0E, 0x59, 0x00, 0x00,
0x00, 0x00, 0x00, 0x28, 0xF8, 0x1F, 0xC5, 0x34, 0x34, 0x34, 0x1F, 0xC5, 0x00, 0x00, 0xFF, 0xFF,
0xFF, 0x00, 0x00, 0x00, 0x00, 0x00, 0x01, 0x30, 0x00, 0x00, 0x00, 0x00, 0x00, 0x08, 0xFF, 0x00,
0x00, 0x00, 0x00, 0x00, 0x00, 0x00, 0x00, 0x00, 0x00, 0x00, 0x28, 0xF8, 0x00, 0x00, 0x00, 0x00,
0x00, 0x08, 0x32, 0x00, 0x00, 0x00, 0x00, 0x00, 0xFF, 0xFF, 0xFF, 0xFF, 0xF8, 0x28, 0xF8, 0x34,
0x34, 0x34, 0x34, 0x32, 0x00, 0x00, 0xFF, 0xFF, 0xFF, 0x00, 0x00, 0x00, 0x00, 0x30, 0x30, 0x30,
0x00, 0x00, 0x08, 0x34, 0x34, 0x34, 0x34, 0x1F, 0xC5, 0x28, 0xFF, 0xFF, 0xFF, 0xFF, 0x00, 0x00,
0x00, 0x00, 0x08, 0xF8, 0x00, 0x00, 0x00, 0x00, 0x00, 0x00, 0x00, 0x00, 0x00, 0x00, 0x00, 0x08,
0xF8, 0x08, 0xF8, 0x00, 0x00, 0x00, 0x01, 0x2E, 0x01, 0x2E, 0x00, 0x00, 0x00, 0x00, 0x00, 0x00,
0x00, 0x00, 0x00, 0x00, 0x08, 0xFF, 0xFF, 0xF8, 0x00, 0x00, 0x28, 0xF9, 0x34, 0x34, 0x32, 0x28,
0xF8, 0x28, 0xF8, 0x00, 0x00, 0x00, 0x08, 0x32, 0x00, 0x08, 0xFF, 0xFF, 0xF8, 0x00, 0x00, 0x00,
0x01, 0x30, 0x30, 0x2E, 0x0E, 0x59, 0x00, 0x00, 0x00, 0x00, 0x00, 0x28, 0xF8, 0x1F, 0xC7, 0x34,
0x34, 0x32, 0x1F, 0xC5, 0x00, 0x08, 0xFF, 0xFF, 0xF8, 0x00, 0x00, 0x00, 0x00, 0x01, 0x2E, 0x00,
0x00, 0x00, 0x00, 0x00, 0x08, 0xF8, 0x00, 0x00, 0x00, 0x00, 0x00, 0x00, 0x00, 0x00, 0x00, 0x00,
0x00, 0x08, 0xF8, 0x08, 0xF8, 0x00, 0x00, 0x00, 0x01, 0x32, 0x01, 0x32, 0x00, 0x00, 0x00, 0x08,
0xFF, 0xFF, 0xFF, 0xFF, 0xF8, 0x28, 0xF9, 0x34, 0x34, 0x34, 0x34, 0x32, 0x00, 0x08, 0xFF, 0xFF,
0xF8, 0x00, 0x00, 0x00, 0x01, 0x30, 0x30, 0x2E, 0x00, 0x00, 0x08, 0x34, 0x34, 0x34, 0x32, 0x1F,
0xC5, 0x28, 0xFF, 0xFF, 0xFF, 0xF8, 0x00, 0x00, 0x06, 0x26, 0xFF, 0xFF, 0xFF, 0x06, 0x26, 0x28,
0xF8, 0x34, 0x34, 0x34, 0x28, 0xF8, 0x28, 0xF8, 0x00, 0x00, 0x00, 0x01, 0x0B, 0x00, 0x00, 0xFF,
0xFF, 0xFF, 0x00, 0x00, 0x00, 0x00, 0x08, 0x08, 0x08, 0x26, 0xF0, 0x28, 0xF8, 0x00, 0x00, 0x00,
0x28, 0xF8, 0x07, 0x2E, 0x34, 0x34, 0x34, 0x07, 0x2E, 0x00, 0x00, 0xFF, 0xFF, 0xFF, 0x00, 0x00,
0x00, 0x00, 0x00, 0x28, 0xF8, 0x00, 0x00, 0xFF, 0xFF, 0xFF, 0x00, 0x00, 0x00, 0x00, 0x30, 0x30,
0x30, 0x00, 0x00, 0x00, 0x00, 0x00, 0x00, 0xFF, 0xFF, 0xFF, 0xFF, 0xF8, 0x28, 0xF8, 0x34, 0x34,
0x34, 0x34, 0x32, 0x00, 0x00, 0xFF, 0xFF, 0xFF, 0x00, 0x00, 0x00, 0x00, 0x30, 0x30, 0x30, 0x00,
0x00, 0x08, 0x34, 0x34, 0x34, 0x34, 0x1F, 0xC5, 0x28, 0xFF, 0xFF, 0xFF, 0xFF, 0x00, 0x00, 0x00,
0x00, 0x00, 0xF8, 0x00, 0x00, 0x00, 0x28, 0xFF, 0xFF, 0x32, 0x00, 0x00, 0x00, 0x07, 0x30, 0x30,
0x00, 0x00, 0x00, 0x00, 0x00, 0x08, 0xF8, 0x08, 0xF8, 0x00, 0x00, 0x00, 0x00, 0x00, 0x00, 0x00,
0x00, 0x00, 0x00, 0x00, 0x08, 0xF8, 0x00, 0x00, 0x00, 0x00, 0x00, 0x01, 0x2E, 0x00, 0x00, 0x00,
0x00, 0x00, 0x00, 0x00, 0x00, 0x00, 0x00, 0x00, 0x08, 0xFF, 0xFF, 0xF8, 0x00, 0x00, 0x28, 0xF9,
0x34, 0x34, 0x32, 0x28, 0xF8, 0x28, 0xF8, 0x00, 0x00, 0x00, 0x08, 0x32, 0x00, 0x08, 0xFF, 0xFF,
0xF8, 0x00, 0x00, 0x00, 0x01, 0x30, 0x30, 0x2E, 0x0E, 0x59, 0x00, 0x00, 0x00, 0x00, 0x00, 0x28,
0xF8, 0x1F, 0xC7, 0x34, 0x34, 0x32, 0x1F, 0xC5, 0x00, 0x08, 0xFF, 0xFF, 0xF8, 0x00, 0x00, 0x00,
0x01, 0x2E, 0x01, 0x2E, 0x00, 0x00, 0x00, 0x08, 0xF8, 0x08, 0xF8, 0x00, 0x00, 0x00, 0x00, 0x00,
0x00, 0x00, 0x00, 0x00, 0x00, 0x00, 0x08, 0xF8, 0x00, 0x00, 0x00, 0x00, 0x00, 0x01, 0x32, 0x00,
0x00, 0x00, 0x00, 0x08, 0xFF, 0xFF, 0xFF, 0xFF, 0xF8, 0x28, 0xF9, 0x34, 0x34, 0x34, 0x34, 0x32,
0x00, 0x08, 0xFF, 0xFF, 0xF8, 0x00, 0x00, 0x00, 0x01, 0x30, 0x30, 0x2E, 0x00, 0x00, 0x08, 0x34,
0x34, 0x34, 0x32, 0x1F, 0xC5, 0x28, 0xFF, 0xFF, 0xFF, 0xF8, 0x00, 0x00, 0xFF, 0xFF, 0xFF, 0xFF,
0xFF, 0xFF, 0x34, 0x53, 0xF9, 0x34, 0x34, 0x34, 0x00, 0x28, 0xF8, 0x00, 0x00, 0x00, 0x00, 0x28,
0xF8, 0x00, 0x00, 0x00, 0x00, 0x28, 0xF8, 0x00, 0x00, 0x00, 0x00, 0x28, 0xF8, 0x00, 0x00, 0x00,
0x00, 0x28, 0xF8, 0x00, 0x00, 0x00, 0x00, 0x28, 0xF8, 0x08, 0x32, 0x00, 0x00, 0x00, 0x00, 0x28,
0xF8, 0x00, 0xFF, 0xFF, 0xF8, 0x00, 0x00, 0x00, 0x30, 0x30, 0x2E, 0x00, 0x00, 0x00, 0x00, 0x28,
0xF8, 0x00, 0x00, 0x28, 0xF8, 0x00, 0x00, 0xFF, 0xFF, 0xFF, 0x00, 0x53, 0xF9, 0x34, 0x00, 0x28,
0xF8, 0x00, 0x00, 0x28, 0xF8, 0x00, 0x00, 0x28, 0xF8, 0x00, 0x00, 0x28, 0xF8, 0x00, 0x00, 0x00,
0x08, 0xFF, 0xFF, 0xFF, 0xF8, 0x00, 0x30, 0x30, 0x2E, 0x00, 0x28, 0xF8, 0x00, 0x28, 0xF8, 0x00,
0x00, 0x00, 0x00, 0x00, 0x00, 0x00, 0x00, 0x08, 0xF8, 0x00, 0x00, 0x00, 0x00, 0x01, 0x2E, 0x00,
0x00, 0x00, 0x00, 0x00, 0x00, 0x00, 0x00, 0x00, 0xFF, 0xFF, 0xFF, 0xFF, 0xFF, 0xFF, 0x34, 0x3A,
0xF9, 0x34, 0x34, 0x34, 0x00, 0x08, 0xF8, 0x00, 0x00, 0x00, 0x00, 0x08, 0xF8, 0x00, 0x00, 0x00,
0x00, 0x08, 0xF8, 0x00, 0x00, 0x00, 0x00, 0x08, 0xF8, 0x00, 0x00, 0x00, 0x00, 0x08, 0xF8, 0x00,
0x00, 0x00, 0x00, 0x08, 0xF8, 0x00, 0x00, 0x00, 0x28, 0xF8, 0x00, 0x10, 0xFF, 0x10, 0x28, 0xF8,
0x00, 0x10, 0xFF, 0x10, 0xFF, 0xFF, 0xFF, 0x02, 0x28, 0x02, 0x53, 0xF9, 0x34, 0x00, 0x00, 0x00,
0x28, 0xF8, 0x00, 0x00, 0x00, 0x00, 0x28, 0xF8, 0x00, 0x00, 0x00, 0x00, 0x28, 0xF8, 0x00, 0x00,
0x00, 0x00, 0x28, 0xF8, 0x00, 0x00, 0x00, 0x00, 0xFF, 0xFF, 0xFF, 0xFF, 0xFF, 0xFF, 0x34, 0x53,
0xF9, 0x34, 0x34, 0x34, 0x00, 0x28, 0xF8, 0x00, 0x00, 0x00, 0x50, 0xFF, 0xFF, 0xB0, 0x00, 0x00,
0x0F, 0x50, 0xF9, 0x21, 0x00, 0x00, 0x00, 0x28, 0xF8, 0x00, 0x00, 0x00, 0x00, 0x28, 0xF8, 0x00,
0x00, 0x00, 0x00, 0x28, 0xF8, 0x00, 0x00, 0x00, 0x00, 0x28, 0xF8, 0x00, 0x00, 0x00, 0x00, 0x28,
0xF8, 0x00, 0x00, 0x00, 0x50, 0xFF, 0xFF, 0xB0, 0x00, 0x00, 0x10, 0x53, 0xF9, 0x23, 0x00, 0x00,
0xFF, 0xFF, 0xFF, 0xFF, 0xFF, 0xFF, 0x30, 0x50, 0xF9, 0x30, 0x30, 0x30, 0x00, 0x28, 0xF8, 0x00,
0x00, 0x00, 0x00, 0x28, 0xF8, 0x00, 0x00, 0x00, 0x00, 0x00, 0x00, 0x00, 0x00, 0x04, 0x1B, 0x00,
0x00, 0xFF, 0xFF, 0x28, 0x28, 0xF8, 0x28, 0xF8, 0x00, 0xFF, 0xFF, 0x2B, 0x17, 0x07, 0x2E, 0x00,
0x30, 0x30, 0x07, 0x00, 0x00, 0x00, 0x00, 0x00, 0x00, 0x00, 0x00, 0x28, 0xF8, 0x00, 0x00, 0x00,
0x28, 0xF8, 0x28, 0xF8, 0x00, 0x00, 0x00, 0x28, 0xF8, 0x28, 0xF8, 0x00, 0x00, 0x00, 0x28, 0xF8,
0x28, 0xF8, 0x00, 0x00, 0x00, 0x28, 0xF8, 0x28, 0xF8, 0x00, 0x00, 0x00, 0x28, 0xF8, 0x28, 0xF8,
0x00, 0x00, 0x00, 0x28, 0xF8, 0x28, 0xF8, 0x34, 0x34, 0x34, 0x30, 0xF8, 0x00, 0x00, 0xFF, 0xFF,
0xFF, 0x28, 0x00, 0x00, 0x00, 0x34, 0x34, 0x08, 0x00, 0x00, 0x00, 0x00, 0xFC, 0xFF, 0x28, 0x0B,
0x49, 0x08, 0x32, 0x00, 0xFF, 0x53, 0x2B, 0xDC, 0x28, 0xF8, 0x00, 0xFF, 0xFF, 0x28, 0x00, 0x00,
0x00, 0x00, 0x00, 0x00, 0x00, 0x00, 0x28, 0xF8, 0x00, 0x00, 0x00, 0x28, 0xF8, 0x28, 0xF8, 0x00,
0x00, 0x00, 0x28, 0xF8, 0x28, 0xF8, 0x00, 0x00, 0x00, 0x28, 0xF8, 0x28, 0xF8, 0x00, 0x00, 0x2B,
0x53, 0xF8, 0x28, 0xF8, 0x34, 0x34, 0xE0, 0xFF, 0xF8, 0x00, 0x00, 0xFF, 0xFF, 0x28, 0xD8, 0xF8,
0x28, 0xFF, 0xFF, 0xFF, 0xFF, 0xFF, 0xF8, 0x07, 0x30, 0x30, 0x30, 0x30, 0x30, 0x2E, 0x00, 0x00,
0x00, 0x00, 0x00, 0x00, 0x00, 0x28, 0xF8, 0x00, 0x00, 0x00, 0x28, 0xF8, 0x28, 0xF8, 0x00, 0x00,
0x00, 0x28, 0xF8, 0x28, 0xF8, 0x00, 0x00, 0x00, 0x28, 0xF8, 0x28, 0xF8, 0x00, 0x00, 0x00, 0x28,
0xF8, 0x28, 0xF8, 0x00, 0x00, 0x00, 0x28, 0xF8, 0x28, 0xF8, 0x00, 0x00, 0x00, 0x28, 0xF8, 0x28,
0xF8, 0x34, 0x34, 0x34, 0x28, 0xF8, 0x00, 0x00, 0xFF, 0xFF, 0xFF, 0x00, 0x00, 0x08, 0x34, 0x34,
0x34, 0x34, 0x34, 0x32, 0x28, 0xFF, 0xFF, 0xFF, 0xFF, 0xFF, 0xF8, 0x00, 0x00, 0x00, 0x00, 0x00,
0x00, 0x00, 0x28, 0xF8, 0x00, 0x00, 0x00, 0x28, 0xF8, 0x28, 0xF8, 0x00, 0x00, 0x00, 0x28, 0xF8,
0x28, 0xF8, 0x00, 0x00, 0x00, 0x28, 0xF8, 0x28, 0xF8, 0x00, 0x00, 0x2B, 0x53, 0xF8, 0x28, 0xF8,
0x34, 0x34, 0xE0, 0xFF, 0xF8, 0x00, 0x00, 0xFF, 0xFF, 0x28, 0x28, 0xF8, 0x28, 0xF8, 0x00, 0x00,
0x00, 0x28, 0xF8, 0x00, 0x00, 0x00, 0x00, 0x00, 0x00, 0x00, 0x00, 0x00, 0xFF, 0xFF, 0xFF, 0x00,
0x00, 0x00, 0x00, 0x30, 0x30, 0x30, 0x00, 0x00, 0x00, 0x00, 0x00, 0x00, 0x00, 0x00, 0x00, 0x28,
0xF8, 0x00, 0x00, 0x00, 0x28, 0xF8, 0x28, 0xF8, 0x00, 0x00, 0x00, 0x28, 0xF8, 0x28, 0xF8, 0x00,
0x00, 0x00, 0x28, 0xF8, 0x28, 0xF8, 0x00, 0x00, 0x00, 0x28, 0xF8, 0x28, 0xF8, 0x00, 0x00, 0x00,
0x28, 0xF8, 0x28, 0xF8, 0x00, 0x00, 0x00, 0x28, 0xF8, 0x28, 0xF8, 0x34, 0x34, 0x34, 0x28, 0xF8,
0x00, 0x00, 0xFF, 0xFF, 0xFF, 0x00, 0x00, 0x07, 0x2E, 0x00, 0x00, 0x00, 0x07, 0x2E, 0x28, 0xF8,
0x00, 0x00, 0x00, 0x28, 0xF8, 0x00, 0x00, 0x00, 0x00, 0x00, 0x00, 0x00, 0x00, 0x00, 0xFF, 0xFF,
0xFF, 0x00, 0x00, 0x00, 0x00, 0x34, 0x34, 0x34, 0x00, 0x00, 0x28, 0xF8, 0x00, 0x00, 0x00, 0x28,
0xF8, 0x28, 0xF8, 0x00, 0x00, 0x00, 0x28, 0xF8, 0x28, 0xF8, 0x00, 0x00, 0x00, 0x28, 0xF8, 0x28,
0xF8, 0x00, 0x00, 0x2B, 0x53, 0xF8, 0x28, 0xF8, 0x34, 0x34, 0xE0, 0xFF, 0xF8, 0x00, 0x00, 0xFF,
0xFF, 0x28, 0xFF, 0xF8, 0x00, 0x00, 0x08, 0xF8, 0x00, 0x00, 0x00, 0x00, 0x00, 0x00, 0x00, 0x00,
0x00, 0x00, 0x00, 0x08, 0xF8, 0x08, 0xF8, 0x00, 0x00, 0x00, 0x00, 0x08, 0xF8, 0x00, 0x00, 0x00,
0x00, 0x00, 0x01, 0x2E, 0x00, 0x00, 0x00, 0x00, 0x00, 0x00, 0x00, 0x00, 0x00, 0x00, 0x28, 0xF8,
0x00, 0x00, 0x00, 0x28, 0xF8, 0x28, 0xF8, 0x00, 0x00, 0x00, 0x28, 0xF8, 0x28, 0xF8, 0x00, 0x00,
0x00, 0x28, 0xF8, 0x28, 0xF8, 0x00, 0x00, 0x00, 0x28, 0xF8, 0x28, 0xF8, 0x00, 0x00, 0x00, 0x28,
0xF8, 0x28, 0xF8, 0x00, 0x00, 0x00, 0x28, 0xF8, 0x28, 0xF9, 0x34, 0x34, 0x32, 0x28, 0xF8, 0x00,
0x08, 0xFF, 0xFF, 0xF8, 0x00, 0x00, 0x00, 0x00, 0x08, 0xF8, 0x00, 0x00, 0x00, 0x00, 0x00, 0x00,
0x00, 0x00, 0x00, 0x00, 0x00, 0x08, 0xF8, 0x08, 0xF8, 0x00, 0x00, 0x00, 0x01, 0x2E, 0x01, 0x2E,
0x00, 0x00, 0x00, 0x00, 0x08, 0xF8, 0x00, 0x00, 0x00, 0x00, 0x00, 0x01, 0x32, 0x00, 0x00, 0x00,
0x28, 0xF8, 0x00, 0x00, 0x00, 0x28, 0xF8, 0x28, 0xF8, 0x00, 0x00, 0x00, 0x28, 0xF8, 0x28, 0xF8,
0x00, 0x00, 0x00, 0x28, 0xF8, 0x28, 0xF8, 0x00, 0x01, 0x34, 0x53, 0xF8, 0x28, 0xF9, 0x34, 0x3A,
0xFF, 0xFF, 0xF8, 0x00, 0x08, 0xFF, 0xF8, 0x00, 0x28, 0xF8, 0x00, 0x08, 0xF8, 0x00, 0x00, 0x28,
0xF8, 0x00, 0x00, 0x00, 0x00, 0x00, 0x00, 0x00, 0x28, 0xF8, 0x00, 0x28, 0xF8, 0x00, 0x00, 0x07,
0x2E, 0x00, 0x07, 0x2E, 0x00, 0x00, 0x00, 0x00, 0x00, 0x00, 0x00, 0x00, 0x00, 0x28, 0xF8, 0x00,
0x00, 0x00, 0x28, 0xF8, 0x28, 0xF8, 0x00, 0x00, 0x00, 0x28, 0xF8, 0x28, 0xF8, 0x00, 0x00, 0x00,
0x28, 0xF8, 0x28, 0xF8, 0x00, 0x00, 0x00, 0x28, 0xF8, 0x28, 0xF8, 0x00, 0x00, 0x00, 0x28, 0xF8,
0x28, 0xF8, 0x00, 0x00, 0x00, 0x28, 0xF8, 0x28, 0xF9, 0x34, 0x34, 0x32, 0x28, 0xF8, 0x00, 0x08,
0xFF, 0xFF, 0xF8, 0x00, 0x00, 0x00, 0x01, 0x2E, 0x00, 0x00, 0x07, 0x2E, 0x00, 0x08, 0xF8, 0x00,
0x00, 0x28, 0xF8, 0x00, 0x00, 0x00, 0x00, 0x00, 0x00, 0x00, 0x28, 0xF8, 0x00, 0x00, 0xD8, 0x00,
0x00, 0x08, 0x32, 0x00, 0x00, 0x2B, 0x00, 0x00, 0x28, 0xF8, 0x00, 0x00, 0x00, 0x28, 0xF8, 0x28,
0xF8, 0x00, 0x00, 0x00, 0x28, 0xF8, 0x28, 0xF8, 0x00, 0x00, 0x00, 0x28, 0xF8, 0x28, 0xF8, 0x00,
0x00, 0x2D, 0x53, 0xF8, 0x28, 0xF9, 0x34, 0x34, 0xE6, 0xFF, 0xF8, 0x00, 0x08, 0xFF, 0xFF, 0x20,
0x28, 0xF8, 0x28, 0xF8, 0x00, 0x00, 0x00, 0x28, 0xF8, 0x28, 0xF8, 0x00, 0x00, 0x00, 0x28, 0xF8,
0x28, 0xF8, 0x00, 0x00, 0x00, 0x28, 0xF8, 0x28, 0xF8, 0x00, 0x00, 0x00, 0x28, 0xF8, 0x28, 0xF8,
0x00, 0x00, 0x00, 0x28, 0xF8, 0x28, 0xF8, 0x00, 0x00, 0x00, 0x28, 0xF8, 0x28, 0xF8, 0x34, 0x34,
0x34, 0x28, 0xF8, 0x08, 0x32, 0xFF, 0xFF, 0xFF, 0x00, 0x00, 0x28, 0xF8, 0x00, 0x00, 0x00, 0x00,
0x00, 0x00, 0x00, 0xFF, 0xFF, 0xFF, 0xFF, 0xF8, 0x00, 0x00, 0x30, 0x30, 0x30, 0x30, 0x2E, 0x28,
0xF8, 0x00, 0x00, 0x00, 0x28, 0xF8, 0x00, 0x28, 0xF8, 0x00, 0x00, 0x00, 0x28, 0xF8, 0x00, 0x28,
0xF8, 0x00, 0x00, 0x00, 0x28, 0xF8, 0x00, 0x28, 0xF8, 0x00, 0x00, 0x2B, 0x53, 0xF8, 0x00, 0x28,
0xF8, 0x34, 0x34, 0xE0, 0xFF, 0xF8, 0x00, 0x00, 0x00, 0xFF, 0xFF, 0x28, 0x28, 0xF8, 0x00, 0x00,
0x00, 0x00, 0x00, 0x00, 0x00, 0x08, 0xF8, 0x00, 0x00, 0xFF, 0xFF, 0xFF, 0xFF, 0xF8, 0x00, 0x00,
0x00, 0x30, 0x30, 0x30, 0x30, 0x2E, 0x00, 0x00, 0x00, 0x08, 0xF8, 0x00, 0x00, 0x00, 0x00, 0x00,
0x00, 0x00, 0x00, 0x00, 0x00, 0x00, 0x08, 0xF8, 0x08, 0xF8, 0x00, 0x00, 0x00, 0x01, 0x2E, 0x01,
0x2E, 0x00, 0x00, 0x00, 0x00, 0x00, 0x00, 0x00, 0x00, 0x00, 0x28, 0xF8, 0x00, 0x00, 0x00, 0x28,
0xF8, 0x28, 0xF8, 0x00, 0x00, 0x00, 0x28, 0xF8, 0x28, 0xF8, 0x00, 0x00, 0x00, 0x28, 0xF8, 0x28,
0xF8, 0x08, 0xF8, 0x00, 0x28, 0xF8, 0x28, 0xF8, 0x08, 0xF8, 0x00, 0x28, 0xF8, 0x28, 0xF8, 0x01,
0x26, 0x00, 0x28, 0xF8, 0x28, 0xFF, 0xF8, 0x08, 0xFF, 0xFF, 0xF8, 0x28, 0xF9, 0x2E, 0x01, 0x30,
0x50, 0xF8, 0x00, 0x00, 0x01, 0x2E, 0x00, 0x00, 0x00, 0x00, 0x00, 0x08, 0xF8, 0x00, 0x00, 0x00,
0x00, 0x00, 0x00, 0x00, 0x00, 0x00, 0x00, 0x00, 0x08, 0xF8, 0x08, 0xF8, 0x00, 0x00, 0x00, 0x01,
0x32, 0x01, 0x32, 0x00, 0x00, 0x28, 0xF8, 0x00, 0x00, 0x00, 0x28, 0xF8, 0x28, 0xF8, 0x08, 0xF8,
0x00, 0x28, 0xF8, 0x28, 0xF8, 0x08, 0xF8, 0x00, 0x28, 0xF8, 0x28, 0xF8, 0x08, 0xF8, 0x00, 0x28,
0xF8, 0x28, 0xF9, 0x3A, 0xF9, 0x32, 0x28, 0xF8, 0x00, 0x08, 0xF8, 0x08, 0xF8, 0x00, 0x00, 0x00,
0x00, 0x08, 0xF8, 0x00, 0x00, 0x00, 0x00, 0x00, 0x00, 0x00, 0x00, 0x00, 0x00, 0x00, 0x08, 0xF8,
0x08, 0xF8, 0x00, 0x00, 0x00, 0x01, 0x2E, 0x01, 0x2E, 0x00, 0x00, 0x00, 0x00, 0x00, 0x00, 0x00,
0x00, 0x00, 0x28, 0xF8, 0x00, 0x00, 0x00, 0x28, 0xF8, 0x28, 0xF8, 0x00, 0x00, 0x00, 0x28, 0xF8,
0x06, 0x2E, 0xF8, 0x08, 0xF8, 0x06, 0x26, 0x00, 0x01, 0x3A, 0xF9, 0x32, 0x00, 0x00, 0x00, 0x00,
0x08, 0xF8, 0x00, 0x00, 0x00, 0x00, 0x00, 0x08, 0xF8, 0x00, 0x00, 0x00, 0x00, 0x00, 0x08, 0xF8,
0x00, 0x00, 0x00, 0x00, 0x00, 0x08, 0xF8, 0x00, 0x00, 0x00, 0x00, 0x00, 0x01, 0x2E, 0x00, 0x00,
0x00, 0x00, 0x00, 0x08, 0xF8, 0x00, 0x00, 0x00, 0x00, 0x00, 0x00, 0x00, 0x00, 0x00, 0x00, 0x00,
0x08, 0xF8, 0x08, 0xF8, 0x00, 0x00, 0x00, 0x01, 0x32, 0x01, 0x32, 0x00, 0x00, 0x28, 0xF8, 0x00,
0x00, 0x00, 0x28, 0xF8, 0x28, 0xF8, 0x00, 0x00, 0x00, 0x28, 0xF8, 0x28, 0xF8, 0x00, 0x01, 0x34,
0x53, 0xF8, 0x28, 0xFF, 0xFF, 0xFF, 0xFF, 0xFF, 0xF8, 0x00, 0x01, 0x30, 0x2E, 0x00, 0x28, 0xF8,
0x08, 0x34, 0x34, 0x34, 0x32, 0x28, 0xF8, 0x28, 0xFF, 0xFF, 0xFF, 0xF8, 0x00, 0x00, 0x00, 0x08,
0xF8, 0x08, 0xF8, 0x00, 0x00, 0x00, 0x01, 0x2E, 0x01, 0x2E, 0x00, 0x00, 0x00, 0x00, 0x00, 0x00,
0x00, 0x00, 0x00, 0x28, 0xF8, 0x00, 0x00, 0x00, 0x28, 0xF8, 0x28, 0xF8, 0x00, 0x00, 0x00, 0x28,
0xF8, 0x06, 0x2E, 0xF8, 0x08, 0xF8, 0x06, 0x26, 0x00, 0x01, 0x3A, 0xF9, 0x32, 0x00, 0x00, 0x00,
0x00, 0x08, 0xF8, 0x00, 0x00, 0x00, 0x00, 0x00, 0x08, 0xF8, 0x00, 0x00, 0x00, 0x00, 0x00, 0x08,
0xF8, 0x00, 0x00, 0x00, 0x00, 0x00, 0x08, 0xF8, 0x00, 0x00, 0x00, 0x00, 0x00, 0x00, 0x08, 0xF8,
0x00, 0x00, 0x00, 0x00, 0x00, 0x00, 0x00, 0x00, 0x00, 0x00, 0x00, 0x08, 0xF8, 0x00, 0x00, 0x00,
0x00, 0x00, 0x01, 0x2E, 0x00, 0x00, 0x00, 0x00, 0x00, 0x00, 0x00, 0x00, 0x00, 0x00, 0x28, 0xFF,
0xFF, 0xFF, 0xFF, 0xFF, 0xF8, 0x28, 0xF9, 0x34, 0x34, 0x34, 0x53, 0xF8, 0x10, 0x64, 0x00, 0x08,
0xF8, 0x10, 0x64, 0x00, 0x00, 0x08, 0xF9, 0x32, 0x00, 0x00, 0x00, 0x08, 0xF8, 0x00, 0x00, 0x00,
0x00, 0x10, 0x66, 0x2E, 0x00, 0x00, 0x10, 0x64, 0x28, 0xF9, 0x34, 0x34, 0x34, 0x53, 0xF8, 0x28,
0xFF, 0xFF, 0xFF, 0xFF, 0xFF, 0xF8, 0x00, 0x00, 0x00, 0x07, 0x2E, 0x00, 0x00, 0x00, 0x00, 0x28,
0xF8, 0x00, 0x00, 0x00, 0x00, 0x00, 0x00, 0x00, 0x00, 0x08, 0xF8, 0x00, 0x00, 0x00, 0x00, 0x01,
0x32, 0x00, 0x00, 0x00, 0xFF, 0xFF, 0xFF, 0xFF, 0xFF, 0xFF, 0x34, 0x34, 0x34, 0x53, 0xF9, 0x34,
0x00, 0x08, 0xF8, 0x10, 0x64, 0x00, 0x10, 0x66, 0x2E, 0x00, 0x00, 0x00, 0x53, 0xF9, 0x34, 0x34,
0x34, 0x34, 0xFF, 0xFF, 0xFF, 0xFF, 0xFF, 0xFF, 0x00, 0x00, 0x08, 0xF8, 0x00, 0x00, 0x00, 0x00,
0x00, 0x01, 0x2E, 0x00, 0x00, 0x00, 0x00, 0x00, 0x00, 0x00, 0x00, 0x00, 0x00, 0x28, 0xFF, 0xFF,
0xFF, 0xFF, 0xFF, 0xF8, 0x28, 0xF9, 0x34, 0x34, 0x34, 0x53, 0xF8, 0x10, 0x64, 0x00, 0x08, 0xF8,
0x10, 0x64, 0x00, 0x00, 0x08, 0xF9, 0x32, 0x00, 0x00, 0x00, 0x08, 0xF8, 0x00, 0x00, 0x00, 0x00,
0x10, 0x66, 0x2E, 0x00, 0x00, 0x10, 0x64, 0x28, 0xF9, 0x34, 0x34, 0x34, 0x53, 0xF8, 0x28, 0xFF,
0xFF, 0xFF, 0xFF, 0xFF, 0xF8, 0x00, 0x01, 0x32, 0x00, 0x00, 0x00, 0x00, 0x08, 0xF8, 0x00, 0x00,
0x00, 0x00, 0x00, 0x00, 0x00, 0x00, 0x00, 0xFF, 0xFF, 0xFF, 0xFF, 0xFF, 0xFF, 0x34, 0x34, 0x34,
0x53, 0xF9, 0x34, 0x00, 0x08, 0xF8, 0x10, 0x64, 0x00, 0x10, 0x66, 0x2E, 0x00, 0x00, 0x00, 0x53,
0xF9, 0x34, 0x34, 0x34, 0x34, 0xFF, 0xFF, 0xFF, 0xFF, 0xFF, 0xFF, 0x00, 0x08, 0xF8, 0x08, 0xF8,
0x00, 0x00, 0x00, 0x00, 0x00, 0x00, 0x00, 0x00, 0x00, 0x00, 0x00, 0x08, 0xF8, 0x00, 0x00, 0x00,
0x00, 0x00, 0x01, 0x2E, 0x00, 0x00, 0x00, 0x00, 0x00, 0x00, 0x00, 0x00, 0x00, 0x00, 0x28, 0xFF,
0xFF, 0xFF, 0xFF, 0xFF, 0xF8, 0x28, 0xF9, 0x34, 0x34, 0x34, 0x53, 0xF8, 0x10, 0x64, 0x00, 0x08,
0xF8, 0x10, 0x64, 0x00, 0x00, 0x08, 0xF9, 0x32, 0x00, 0x00, 0x00, 0x08, 0xF8, 0x00, 0x00, 0x00,
0x00, 0x10, 0x66, 0x2E, 0x00, 0x00, 0x10, 0x64, 0x28, 0xF9, 0x34, 0x34, 0x34, 0x53, 0xF8, 0x28,
0xFF, 0xFF, 0xFF, 0xFF, 0xFF, 0xF8, 0x07, 0x2E, 0x00, 0x07, 0x2E, 0x00, 0x28, 0xF8, 0x00, 0x28,
0xF8, 0x00, 0x00, 0x00, 0x00, 0x00, 0x00, 0x00, 0x00, 0x08, 0xF8, 0x00, 0x00, 0x00, 0x00, 0x01,
0x32, 0x00, 0x00, 0x00, 0xFF, 0xFF, 0xFF, 0xFF, 0xFF, 0xFF, 0x34, 0x34, 0x34, 0x53, 0xF9, 0x34,
0x00, 0x08, 0xF8, 0x10, 0x64, 0x00, 0x10, 0x66, 0x2E, 0x00, 0x00, 0x00, 0x53, 0xF9, 0x34, 0x34,
0x34, 0x34, 0xFF, 0xFF, 0xFF, 0xFF, 0xFF, 0xFF, 0x00, 0x00, 0x00, 0xFF, 0xFF, 0x28, 0x00, 0x28,
0xF8, 0x34, 0x34, 0xD8, 0x00, 0x28, 0xF8, 0x00, 0x00, 0x2A, 0x48, 0xFF, 0xF8, 0x00, 0x00, 0x00,
0x0D, 0x50, 0xF8, 0x00, 0x00, 0x00, 0x00, 0x28, 0xF8, 0x00, 0x00, 0x00, 0x00, 0x28, 0xF8, 0x00,
0x00, 0x00, 0x00, 0x28, 0xF8, 0x00, 0x00, 0x00, 0x00, 0x25, 0x46, 0x53, 0x20, 0x50, 0x69, 0x78,
0x65, 0x6C, 0x20, 0x53, 0x61, 0x6E, 0x73, 0x20, 0x55, 0x6E, 0x69, 0x63, 0x6F, 0x64, 0x65, 0x20,
0x52, 0x65, 0x67, 0x75, 0x6C, 0x61, 0x72, 0x20, 0x52, 0x65, 0x67, 0x75, 0x6C, 0x61, 0x72, 0x00,
0x19, 0x46, 0x53, 0x50, 0x69, 0x78, 0x65, 0x6C, 0x53, 0x61, 0x6E, 0x73, 0x55, 0x6E, 0x69, 0x63,
0x6F, 0x64, 0x65, 0x52, 0x65, 0x67, 0x75, 0x6C, 0x61, 0x72, 0x01, 
};
